symbol,name,price,Volume,turnover,blue_daily,blue_days,latest_day_blue_value,blue_weekly,blue_weeks,latest_week_blue_value,lired_daily,lired_days,latest_day_lired_value,lired_weekly,lired_weeks,latest_week_lired_value,has_day_blue,has_week_blue,has_day_lired,has_week_lired,has_day_week_blue,has_day_week_lired,day_heima_count,week_heima_count,day_juedi_count,week_juedi_count,has_day_heima,has_week_heima,latest_cci_daily,latest_cci_weekly
000039.SZ,中集集团,9.44,639690.97,603.86827568,0.0,0,0.0,0.0,0,0.0,0.0,1,-131.51859065003347,0.0,2,-200.0,False,False,False,True,False,False,0,0,0,0,False,False,86.8943960705507,171.51912568305985
000061.SZ,农产品,9.23,140477.17,129.66042791,0.0,0,0.0,0.0,0,0.0,0.0,0,0.0,0.0,2,-139.7424168372889,False,False,False,True,False,False,0,0,1,0,True,False,-114.46540880503218,46.05337876206705
000070.SZ,特发信息,13.02,1630161.14,2122.4698042799996,0.0,0,0.0,0.0,0,0.0,0.0,0,0.0,0.0,2,-125.89529891090592,False,False,False,True,False,False,0,0,0,0,False,False,-109.01105558079678,141.9830724027541
000065.SZ,北方国际,12.51,252143.82,315.43191882,0.0,0,0.0,0.0,0,0.0,0.0,0,0.0,0.0,2,-200.0,False,False,False,True,False,False,0,0,0,0,False,False,-31.895125365916932,98.68336544637108
000002.SZ,万科A,5.02,3356576.69,1685.0014983799997,0.0,3,177.4965816026552,200.0,4,200.0,0.0,0,0.0,0.0,0,0.0,True,True,False,False,True,False,0,1,0,1,False,True,-37.915944182974165,-172.89682259695658
000049.SZ,德赛电池,27.73,82727.71,229.40393983,0.0,0,0.0,0.0,0,0.0,0.0,0,0.0,0.0,2,-170.2459580147738,False,False,False,True,False,False,0,0,0,0,False,False,-11.932007819577736,47.28209165764555
000403.SZ,派林生物,13.51,245192.57,331.25516207,194.6220728484132,5,194.6220728484132,118.52119167155129,3,118.52119167155129,0.0,0,0.0,0.0,0,0.0,True,True,False,False,True,False,0,0,1,1,True,True,-149.58863910286652,-210.41224970553586
000407.SZ,胜利股份,4.68,580147.9,271.50921719999997,0.0,0,0.0,0.0,0,0.0,0.0,0,0.0,0.0,2,-200.0,False,False,False,True,False,False,1,0,1,0,True,False,-166.7974711140181,56.58373488051922
000333.SZ,美的集团,79.32,328958.62,2609.29977384,0.0,0,0.0,0.0,0,0.0,0.0,0,0.0,0.0,3,-200.0,False,False,False,True,False,False,0,0,0,0,False,False,-62.483711232733945,102.53117439047047
000408.SZ,藏格矿业,72.58,178409.56,1294.8965864799998,0.0,0,0.0,0.0,0,0.0,-179.166844745215,4,-179.166844745215,-198.48787868037263,4,-198.48787868037263,False,False,True,True,False,True,0,0,0,0,False,False,122.11110445735254,239.4520087409651
000505.SZ,京粮控股,8.23,687943.08,566.17715484,0.0,0,0.0,0.0,0,0.0,0.0,0,0.0,0.0,2,-200.0,False,False,False,True,False,False,0,0,0,0,False,False,71.86858316221776,125.42098217431135
000510.SZ,新金路,9.77,373196.66,364.61313681999997,0.0,0,0.0,0.0,0,0.0,0.0,1,-111.25307493048847,0.0,4,-200.0,False,False,False,True,False,False,0,0,0,0,False,False,61.0902818116209,160.46144908291143
000530.SZ,冰山冷热,8.19,1795349.3,1470.3910767,0.0,0,0.0,0.0,0,0.0,-72.8499267881742,0,0.0,-200.0,2,-200.0,False,False,False,True,False,False,0,0,0,0,False,False,87.54820936639129,193.06279277856737
000547.SZ,航天发展,21.31,5090743.68,10848.37478208,0.0,0,0.0,0.0,0,0.0,0.0,3,-138.72928582122964,-86.05340525513436,0,0.0,False,False,True,False,False,False,0,0,0,0,False,False,75.07255078554991,198.76462002042263
000566.SZ,海南海药,7.62,1297400.28,988.61901336,0.0,0,0.0,0.0,0,0.0,0.0,0,0.0,0.0,3,-192.81452041877844,False,False,False,True,False,False,0,0,0,0,False,False,-174.75958536280766,98.52612986765007
000568.SZ,泸州老窖,122.98,128795.74,1583.9300105200002,0.0,3,125.21478153790963,0.0,0,0.0,0.0,0,0.0,0.0,1,-111.37643179716191,True,False,False,False,False,False,1,0,1,1,True,True,-91.64730183320447,-187.69205180980882
000572.SZ,海马汽车,9.16,2550748.61,2336.48572676,0.0,0,0.0,0.0,0,0.0,0.0,0,0.0,0.0,2,-200.0,False,False,False,True,False,False,0,0,0,0,False,False,7.018331462775614,75.94009400940092
000589.SZ,贵州轮胎,5.03,277086.49,139.37450447,0.0,0,0.0,0.0,0,0.0,0.0,1,-126.29444061224272,0.0,2,-146.44936810667664,False,False,False,True,False,False,0,0,0,0,False,False,10.577538737355015,69.9570815450645
000592.SZ,平潭发展,13.51,4620851.71,6242.77066021,0.0,0,0.0,0.0,0,0.0,-76.0508811246478,0,0.0,-197.84612464153386,4,-197.84612464153386,False,False,False,True,False,False,0,0,0,0,False,False,120.40172862371566,117.97380986148539
000593.SZ,德龙汇能,10.92,184725.7,201.7204644,0.0,0,0.0,0.0,0,0.0,0.0,0,0.0,0.0,3,-123.5239932318076,False,False,False,True,False,False,0,0,0,0,False,False,-92.44982478496318,83.54028178435559
000550.SZ,江铃汽车,18.51,72472.93,134.14739343,149.09440892783317,4,149.09440892783317,191.9553948622981,2,191.9553948622981,0.0,0,0.0,0.0,0,0.0,True,True,False,False,True,False,0,1,0,1,False,True,-58.14130159534051,-121.28514056224911
000609.SZ,ST中迪,8.98,217026.42,194.88972516000004,0.0,0,0.0,0.0,0,0.0,0.0,0,0.0,0.0,3,-200.0,False,False,False,True,False,False,0,0,1,0,True,False,-124.54232594131177,46.84210106234384
000625.SZ,长安汽车,11.64,530782.33,617.83063212,131.10159950256553,4,131.10159950256553,200.0,3,200.0,0.0,0,0.0,0.0,0,0.0,True,True,False,False,True,False,0,1,1,1,True,True,-140.913508260448,-159.66270389825863
000603.SZ,盛达资源,31.09,316253.65,983.2325978500002,0.0,0,0.0,0.0,0,0.0,-200.0,3,-200.0,-68.62598469835076,0,0.0,False,False,True,False,False,False,0,0,0,0,False,False,146.94764227642273,156.37225533167253
000620.SZ,盈新发展,2.69,2006575.5,539.7688095,0.0,0,0.0,0.0,0,0.0,0.0,0,0.0,0.0,2,-145.57758461587756,False,False,False,True,False,False,0,0,1,0,True,False,-168.94654088050325,29.472940226171218
000633.SZ,合金投资,7.79,366766.1,285.7107919,0.0,0,0.0,0.0,0,0.0,0.0,0,0.0,0.0,3,-200.0,False,False,False,True,False,False,0,0,1,0,True,False,-136.13445378151266,83.98692810457524
000692.SZ,惠天热电,3.67,282349.4,103.62222980000001,0.0,0,0.0,0.0,0,0.0,0.0,0,0.0,0.0,2,-158.498694487495,False,False,False,True,False,False,0,0,0,0,False,False,-66.81019016864006,-1.8765432098765729
000663.SZ,永安林业,7.95,331200.0,263.304,0.0,0,0.0,0.0,0,0.0,0.0,0,0.0,0.0,2,-119.69978611145844,False,False,False,True,False,False,0,0,1,0,True,False,-152.66946191474517,56.05575705853073
000695.SZ,滨海能源,12.7,154075.01,195.67526270000002,0.0,0,0.0,0.0,0,0.0,0.0,0,0.0,0.0,2,-150.68204732111036,False,False,False,True,False,False,0,0,0,0,False,False,-106.57015590200444,10.79998295188172
000661.SZ,长春高新,93.65,57267.02,536.3056423,0.0,3,168.76982065183344,0.0,0,0.0,0.0,0,0.0,0.0,0,0.0,True,False,False,False,False,False,0,0,1,0,True,False,-166.89361272915176,-104.14205874192399
000709.SZ,河钢股份,2.24,576651.85,129.1700144,0.0,3,194.64349571927744,0.0,0,0.0,0.0,0,0.0,0.0,0,0.0,True,False,False,False,False,False,1,0,1,1,True,True,-144.17344173441631,-152.48874285018826
000708.SZ,中信特钢,15.07,381524.47,574.95737629,0.0,0,0.0,0.0,0,0.0,0.0,0,0.0,0.0,3,-143.28623546348604,False,False,False,True,False,False,0,0,0,0,False,False,-38.76657415972856,63.67883361568871
000722.SZ,湖南发展,12.06,94036.0,113.40741600000001,0.0,5,128.6857035829385,0.0,0,0.0,0.0,0,0.0,0.0,0,0.0,True,False,False,False,False,False,0,0,0,0,False,False,-96.48860664923322,-94.58871093142582
000718.SZ,苏宁环球,2.3,645432.21,148.4494083,162.88228977933798,4,162.88228977933798,0.0,0,0.0,0.0,0,0.0,0.0,0,0.0,True,False,False,False,False,False,0,0,1,1,True,True,-256.4005069708479,-136.98608844330465
000723.SZ,美锦能源,4.71,534424.78,251.71407138,0.0,1,154.632308571413,0.0,0,0.0,0.0,0,0.0,0.0,2,-200.0,False,False,False,True,False,False,0,0,1,0,True,False,-135.74826198316907,-84.89911906791711
000735.SZ,罗牛山,10.44,2554961.62,2667.37993128,0.0,0,0.0,0.0,0,0.0,-12.980943723732596,0,0.0,-102.08199438300196,2,-102.08199438300196,False,False,False,True,False,False,0,0,0,0,False,False,155.47290116896923,150.61943055857415
000703.SZ,恒逸石化,8.13,477072.67,387.86008071000003,0.0,0,0.0,0.0,0,0.0,0.0,0,0.0,0.0,2,-182.50544269828046,False,False,False,True,False,False,0,0,0,0,False,False,38.37829235298824,178.28166858017627
000688.SZ,国城矿业,23.53,315689.93,742.8184052900001,0.0,0,0.0,0.0,0,0.0,0.0,0,0.0,0.0,2,-200.0,False,False,False,True,False,False,0,0,0,0,False,False,-11.873578899499714,72.39142148938474
000788.SZ,北大医药,6.42,330102.91,211.92606821999996,0.0,0,0.0,0.0,0,0.0,0.0,0,0.0,0.0,2,-132.44958058655416,False,False,False,True,False,False,0,0,1,0,True,False,-146.02405747961575,91.05918380933375
000762.SZ,西藏矿业,24.96,229097.64,571.82770944,0.0,0,0.0,0.0,0,0.0,0.0,0,0.0,0.0,2,-200.0,False,False,False,True,False,False,0,0,0,0,False,False,-89.09844968895041,-1.0849744711890146
000797.SZ,中国武夷,3.74,1977908.03,739.73760322,0.0,0,0.0,0.0,0,0.0,0.0,0,0.0,0.0,2,-200.0,False,False,False,True,False,False,0,0,0,0,False,False,15.164359046811915,116.40307275192065
000766.SZ,通化金马,28.86,109857.14,317.04770604,0.0,0,0.0,0.0,0,0.0,0.0,0,0.0,0.0,2,-200.0,False,False,False,True,False,False,0,0,0,0,False,False,60.010761045016835,105.51826994780012
000798.SZ,中水渔业,11.17,259335.45,289.67769765,0.0,0,0.0,0.0,0,0.0,0.0,0,0.0,0.0,2,-173.12825176098815,False,False,False,True,False,False,0,0,0,0,False,False,-89.87699931096175,70.82140523159319
000792.SZ,盐湖股份,25.14,1065155.17,2677.80009738,0.0,0,0.0,0.0,0,0.0,0.0,0,0.0,0.0,2,-200.0,False,False,False,True,False,False,0,0,0,0,False,False,-76.04815276048136,56.42813204839036
000802.SZ,北京文化,5.2,1024574.86,532.7789272,0.0,0,0.0,0.0,0,0.0,-129.68887237849626,3,-129.68887237849626,0.0,0,0.0,False,False,True,False,False,False,0,0,0,0,False,False,174.42776109442744,202.5481617929234
000807.SZ,云铝股份,27.42,414781.04,1137.3296116800002,0.0,0,0.0,0.0,0,0.0,0.0,0,0.0,0.0,2,-146.5624453579525,False,False,False,True,False,False,0,0,0,0,False,False,70.99489029155379,131.4115519625572
000818.SZ,航锦科技,19.25,92547.65,178.15422625,74.89475525933007,0,0.0,186.82111589224334,3,186.82111589224334,0.0,0,0.0,0.0,0,0.0,False,True,False,False,False,False,1,0,1,1,True,True,-175.12123128821463,-138.92302205919802
000829.SZ,天音控股,10.78,543137.66,585.50239748,0.0,0,0.0,0.0,0,0.0,0.0,0,0.0,0.0,2,-180.85066492159694,False,False,False,True,False,False,0,0,0,0,False,False,-15.739896687936529,88.63463005339426
000811.SZ,冰轮环境,18.2,701332.94,1276.4259507999998,0.0,0,0.0,0.0,0,0.0,-98.51952971272395,0,0.0,-198.6797140067127,2,-198.6797140067127,False,False,False,True,False,False,0,0,0,0,False,False,124.3592325559539,302.27620923615706
000838.SZ,财信发展,3.8,803552.53,305.3499614,0.0,0,0.0,0.0,0,0.0,0.0,0,0.0,0.0,2,-200.0,False,False,False,True,False,False,0,0,0,0,False,False,57.35449735449728,107.21464263657288
000859.SZ,国风新材,10.05,2833037.04,2847.2022252000006,0.0,0,0.0,0.0,0,0.0,-125.24662578726587,1,-125.24662578726587,-199.99999999999997,3,-199.99999999999997,False,False,False,True,False,False,0,0,0,0,False,False,155.17909002904162,159.87166721982527
000858.SZ,五粮液,111.6,257022.1,2868.3666359999997,0.0,3,152.5162459982867,158.7485821310818,2,158.7485821310818,0.0,0,0.0,0.0,0,0.0,True,True,False,False,True,False,1,0,1,1,True,True,-83.71219741165396,-218.54835100908352
000876.SZ,新希望,9.08,241763.16,219.52094928000002,0.0,4,156.5045256619949,200.0,2,200.0,0.0,0,0.0,0.0,0,0.0,True,True,False,False,True,False,2,0,1,1,True,True,-109.72222222222258,-194.1816044666467
000880.SZ,潍柴重机,27.36,208886.16,571.51253376,0.0,0,0.0,0.0,2,200.0,0.0,0,0.0,0.0,0,0.0,False,True,False,False,False,False,0,0,0,0,False,False,28.020220777881065,-62.83561954562277
000893.SZ,亚钾国际,45.34,60318.66,273.48480444000006,0.0,0,0.0,0.0,0,0.0,0.0,1,-106.83301041397465,0.0,4,-200.0,False,False,False,True,False,False,0,0,0,0,False,False,6.022611321986932,129.59322959322967
000905.SZ,厦门港务,13.88,1310685.86,1819.2319736800005,0.0,0,0.0,0.0,0,0.0,0.0,4,-162.70292769472962,-183.1335151533271,4,-183.1335151533271,False,False,True,True,False,True,0,0,0,0,False,False,83.10274198876772,201.36190001660856
000901.SZ,航天科技,23.27,1296514.32,3016.98882264,0.0,0,0.0,0.0,0,0.0,0.0,0,0.0,-128.83792568525254,2,-128.83792568525254,False,False,False,True,False,False,0,0,0,0,False,False,80.19566914705452,189.97625956212082
000816.SZ,智慧农业,3.95,2257390.67,891.66931465,0.0,0,0.0,0.0,0,0.0,-191.21535240653313,2,-191.21535240653313,-200.0,3,-200.0,False,False,False,True,False,False,0,0,0,0,False,False,92.59944495837182,157.9890643985419
000925.SZ,众合科技,8.45,315998.66,267.0188677,0.0,0,0.0,0.0,0,0.0,0.0,2,-156.6466136936544,-157.25808451545262,4,-157.25808451545262,False,False,False,True,False,False,0,0,0,0,False,False,33.80341880341938,123.67114953570278
000937.SZ,冀中能源,5.43,469604.85,254.99543354999994,188.34027452438315,6,188.34027452438315,119.14800240382444,1,119.14800240382444,0.0,0,0.0,0.0,0,0.0,True,False,False,False,False,False,0,0,1,1,True,True,-177.14525608732214,-206.80149812734132
000935.SZ,四川双马,24.43,172104.08,420.45026744,0.0,0,0.0,0.0,0,0.0,-127.01550320871291,2,-127.01550320871291,-200.0,3,-200.0,False,False,False,True,False,False,0,0,0,0,False,False,116.74267100977242,189.65041398344098
000863.SZ,三湘印象,4.91,560901.72,275.40274452,0.0,0,0.0,0.0,0,0.0,0.0,0,0.0,0.0,3,-170.66234226986487,False,False,False,True,False,False,0,0,1,0,True,False,-4.853675945752802,77.86832233863659
000950.SZ,重药控股,6.17,2436926.74,1503.5837985800001,0.0,0,0.0,0.0,0,0.0,-139.43961910638885,3,-139.43961910638885,-134.51779201891134,1,-134.51779201891134,False,False,True,False,False,False,0,0,0,0,False,False,184.37158469945336,287.25099601593695
000960.SZ,锡业股份,26.44,567278.44,1499.88419536,0.0,0,0.0,0.0,0,0.0,0.0,0,0.0,0.0,2,-140.4071913218395,False,False,False,True,False,False,0,0,0,0,False,False,69.65870935099619,138.15857533436807
000965.SZ,天保基建,3.88,347840.02,134.96192776,160.8356506397166,5,160.8356506397166,0.0,0,0.0,0.0,0,0.0,0.0,0,0.0,True,False,False,False,False,False,0,0,1,1,True,True,-135.43920884235013,-183.95061728395092
000968.SZ,蓝焰控股,6.56,159180.48,104.42239488,0.0,3,146.39829678746216,0.0,0,0.0,0.0,0,0.0,0.0,0,0.0,True,False,False,False,False,False,0,0,1,1,True,True,-164.97652582159787,-115.72878603329274
000955.SZ,欣龙控股,6.68,576717.3,385.24715640000005,0.0,0,0.0,0.0,0,0.0,0.0,0,0.0,0.0,2,-200.0,False,False,False,True,False,False,0,0,0,0,False,False,-109.48026948989437,60.29216467463473
000973.SZ,佛塑科技,11.86,1245852.17,1477.58067362,0.0,0,0.0,0.0,0,0.0,0.0,0,0.0,0.0,2,-200.0,False,False,False,True,False,False,0,0,0,0,False,False,-107.32654051431409,77.55238827448892
000983.SZ,山西焦煤,6.44,247842.53,159.61058932,104.2952214426754,4,104.2952214426754,0.0,0,0.0,0.0,0,0.0,0.0,0,0.0,True,False,False,False,False,False,0,0,1,1,True,True,-159.65893951505387,-153.4463276836157
001203.SZ,大中矿业,26.23,435312.41,1141.82445143,0.0,0,0.0,0.0,0,0.0,0.0,0,0.0,0.0,2,-200.0,False,False,False,True,False,False,0,0,0,0,False,False,-67.62152777777776,70.44132241053886
001289.SZ,龙源电力,15.33,97584.53,149.59708449,110.82730412750364,3,110.82730412750364,153.17279275575947,2,153.17279275575947,0.0,0,0.0,0.0,0,0.0,True,True,False,False,True,False,0,0,1,1,True,True,-126.94927315238415,-162.54952627045648
001311.SZ,多利科技,31.35,123700.38,387.80069130000004,0.0,0,0.0,0.0,0,0.0,0.0,3,-104.22272072482609,-194.45741499833392,2,-194.45741499833392,False,False,True,True,False,True,0,0,0,0,False,False,134.19028004639827,269.09544647721475
001360.SZ,南矿集团,23.6,227528.9,536.968204,0.0,0,0.0,0.0,0,0.0,-200.0,6,-200.0,-153.28227305303852,1,-153.28227305303852,False,False,True,False,False,False,0,0,0,0,False,False,134.9960244087189,331.67162425177173
001330.SZ,博纳影业,13.35,2622296.75,3500.7661612499996,0.0,0,0.0,0.0,0,0.0,-135.94775594957977,6,-135.94775594957977,-120.607682709628,4,-120.607682709628,False,False,True,True,False,True,0,0,0,0,False,False,152.93995536872694,337.3175021987687
002006.SZ,精工科技,21.75,182618.36,397.19493299999993,0.0,0,0.0,0.0,0,0.0,0.0,0,0.0,0.0,2,-200.0,False,False,False,True,False,False,0,0,0,0,False,False,23.195845232500933,47.94278502313809
002007.SZ,华兰生物,15.28,127063.68,194.15330303999997,137.25354347302667,4,137.25354347302667,109.35678524483033,1,109.35678524483033,0.0,0,0.0,0.0,0,0.0,True,False,False,False,False,False,0,0,1,1,True,True,-113.66294524189385,-153.93784589186848
001376.SZ,百通能源,14.7,739074.36,1086.4393092,0.0,3,170.20505713722565,0.0,0,0.0,-115.1271364894898,1,-115.1271364894898,-200.0,2,-200.0,True,False,False,True,False,False,0,0,1,0,True,False,322.39469320066337,210.00446913107325
002025.SZ,航天电器,45.3,206274.6,934.4239379999999,0.0,0,0.0,0.0,2,200.0,0.0,0,0.0,0.0,0,0.0,False,True,False,False,False,False,0,1,0,1,False,True,86.59336240759644,-29.39474909911023
002028.SZ,思源电气,152.1,93961.45,1429.1536545,0.0,0,0.0,0.0,0,0.0,0.0,3,-128.4111339338103,-187.98124467967693,3,-187.98124467967693,False,False,True,True,False,True,0,0,0,0,False,False,48.55547049984399,102.619411948599
002046.SZ,国机精工,37.39,326075.62,1219.19674318,0.0,0,0.0,0.0,0,0.0,0.0,4,-132.12511824329235,0.0,0,0.0,False,False,True,False,False,False,0,0,0,0,False,False,116.17124423627182,165.699427977119
002043.SZ,兔宝宝,13.1,166557.0,218.18966999999998,0.0,0,0.0,0.0,0,0.0,0.0,0,0.0,0.0,2,-200.0,False,False,False,True,False,False,0,0,0,0,False,False,-63.49851069591141,56.050969054502595
002034.SZ,旺能环境,15.96,79023.77,126.12193692000001,123.1093649408846,3,123.1093649408846,200.0,1,200.0,0.0,0,0.0,0.0,0,0.0,True,False,False,False,False,False,0,0,1,1,True,True,-214.90810074880747,-163.49552166545593
002029.SZ,七匹狼,11.76,720832.59,847.6991258399999,0.0,0,0.0,0.0,0,0.0,0.0,2,-132.65356327043594,-154.0429935134999,4,-154.0429935134999,False,False,False,True,False,False,0,0,0,0,False,False,86.12504179204296,161.57104267963257
002083.SZ,孚日股份,10.27,1582117.45,1624.8346211499997,0.0,0,0.0,0.0,0,0.0,0.0,0,0.0,0.0,2,-200.0,False,False,False,True,False,False,0,0,0,0,False,False,91.68055555555573,91.57371898084449
002077.SZ,大港股份,14.84,123914.85,183.8896374,0.0,1,149.83513223276174,0.0,0,0.0,0.0,0,0.0,0.0,2,-155.57057951744014,False,False,False,True,False,False,0,0,0,1,False,True,-96.98451507742463,-200.93478303923294
002114.SZ,罗平锌电,8.1,260820.0,211.2642,0.0,0,0.0,0.0,0,0.0,0.0,0,0.0,0.0,2,-176.77995153021638,False,False,False,True,False,False,0,0,1,0,True,False,-119.98213887028318,51.61216686640412
002120.SZ,韵达股份,6.88,184683.16,127.06201408,0.0,4,196.29925288023287,0.0,0,0.0,0.0,0,0.0,0.0,0,0.0,True,False,False,False,False,False,0,0,1,1,True,True,-61.976955730746134,-143.14760508308933
002117.SZ,东港股份,13.62,270201.5,368.01444299999997,0.0,0,0.0,0.0,0,0.0,-113.44890843921813,5,-113.44890843921813,0.0,0,0.0,False,False,True,False,False,False,0,0,0,0,False,False,132.60336265182846,209.67528164347223
002123.SZ,梦网科技,12.56,1103484.89,1385.97702184,0.0,2,113.40235066737314,199.99999999999997,2,199.99999999999997,-73.91015866432991,0,0.0,0.0,0,0.0,False,True,False,False,False,False,1,0,0,0,True,False,216.5235368956742,-36.448801742919166
002124.SZ,天邦食品,2.81,1102233.02,309.72747862,0.0,0,0.0,0.0,2,200.0,0.0,0,0.0,0.0,0,0.0,False,True,False,False,False,False,0,0,0,1,False,True,162.21542643560886,-56.99115044247757
002151.SZ,北斗星通,31.64,200643.74,634.83679336,0.0,0,0.0,0.0,0,0.0,0.0,4,-200.0,0.0,0,0.0,False,False,True,False,False,False,0,0,0,0,False,False,83.90911920323734,188.16477592726704
002164.SZ,宁波东力,16.69,324896.37,542.25204153,0.0,0,0.0,0.0,0,0.0,0.0,4,-200.0,-125.23156595642106,1,-125.23156595642106,False,False,True,False,False,False,0,0,0,0,False,False,131.17843681103744,204.45478626099424
002162.SZ,悦心健康,4.55,811588.92,369.27295860000004,0.0,0,0.0,0.0,0,0.0,0.0,0,0.0,-200.0,3,-200.0,False,False,False,True,False,False,0,0,1,0,True,False,-176.0802469135804,78.99759356070031
002149.SZ,西部材料,28.93,1681276.39,4863.9325962699995,0.0,0,0.0,0.0,1,200.0,-131.16772491732686,6,-131.16772491732686,-124.34515855284621,1,-124.34515855284621,False,False,True,False,False,False,0,0,0,1,False,True,141.64217969851163,359.54865602989776
002179.SZ,中航光电,32.27,326977.34,1055.1558761800002,156.61736689440255,3,156.61736689440255,180.30975107396753,4,180.30975107396753,0.0,0,0.0,0.0,0,0.0,True,True,False,False,True,False,0,0,1,1,True,True,-159.31576514100806,-118.09401159046983
002180.SZ,纳思达,18.62,482974.57,899.29864934,106.14161931472678,1,106.14161931472678,157.61267198927308,4,157.61267198927308,0.0,0,0.0,0.0,0,0.0,False,True,False,False,False,False,0,1,1,1,True,True,-123.61111111110866,-123.4880572900747
002166.SZ,莱茵生物,8.7,229067.53,199.28875109999998,0.0,0,0.0,0.0,0,0.0,0.0,3,-155.613726955465,0.0,0,0.0,False,False,True,False,False,False,0,0,0,0,False,False,69.86880142317078,145.5288243304583
002187.SZ,广百股份,6.83,467058.02,319.00062766,0.0,0,0.0,0.0,0,0.0,0.0,2,-165.0477744815761,-200.0,2,-200.0,False,False,False,True,False,False,0,0,1,0,True,False,-122.48380795723216,114.84690930098222
002176.SZ,江特电机,9.38,626868.77,588.00290626,138.75391975394808,2,138.75391975394808,0.0,0,0.0,0.0,0,0.0,0.0,2,-200.0,False,False,False,True,False,False,0,0,0,0,False,False,-74.68050554261112,-97.70023790642351
002192.SZ,融捷股份,48.04,212345.24,1020.1065329599999,0.0,0,0.0,0.0,0,0.0,0.0,0,0.0,0.0,2,-200.0,False,False,False,True,False,False,0,0,0,0,False,False,-70.89152393500225,43.22507291512181
002178.SZ,延华智能,6.44,170111.36,109.55171584000001,118.08608752735569,3,118.08608752735569,0.0,0,0.0,0.0,0,0.0,0.0,0,0.0,True,False,False,False,False,False,0,0,1,0,True,False,-130.2487562189051,-44.26497756664035
002214.SZ,*ST大立,16.94,61096.16,103.49689504000001,0.0,0,0.0,0.0,0,0.0,-23.378837514591194,0,0.0,-200.0,2,-200.0,False,False,False,True,False,False,0,0,0,0,False,False,252.70685832796894,92.48690696241525
002213.SZ,大为股份,26.44,228097.0,603.088468,0.0,0,0.0,0.0,0,0.0,0.0,0,0.0,0.0,2,-200.0,False,False,False,True,False,False,0,0,0,0,False,False,-71.1480362537768,46.57814096016339
002197.SZ,ST证通,9.85,128117.96,126.1961906,0.0,0,0.0,0.0,0,0.0,0.0,0,0.0,0.0,2,-198.29130634736794,False,False,False,True,False,False,0,0,1,0,True,False,-203.7164093767849,56.254367575122245
002222.SZ,福晶科技,64.15,357674.28,2294.4805062000005,0.0,0,0.0,0.0,0,0.0,0.0,3,-111.34951661047822,-138.20580253319707,2,-138.20580253319707,False,False,True,True,False,True,0,0,0,0,False,False,121.1262500991019,219.06586486438545
002228.SZ,合兴包装,4.47,1223636.06,546.96531882,0.0,0,0.0,0.0,0,0.0,0.0,0,0.0,-163.08971673830018,4,-163.08971673830018,False,False,False,True,False,False,0,0,0,0,False,False,33.333333333333236,139.90216631726057
002207.SZ,准油股份,7.33,137662.0,100.906246,0.0,3,116.87193593931157,0.0,0,0.0,0.0,0,0.0,0.0,0,0.0,True,False,False,False,False,False,0,0,1,1,True,True,-176.94041867954928,-181.31313131313098
002240.SZ,盛新锂能,29.99,920213.81,2759.7212161899997,0.0,0,0.0,0.0,0,0.0,0.0,0,0.0,0.0,2,-200.0,False,False,False,True,False,False,0,0,1,0,True,False,-60.49448912719679,67.00278005651262
002244.SZ,滨江集团,9.99,417648.08,417.23043192,0.0,3,157.93282606880217,0.0,0,0.0,0.0,0,0.0,0.0,0,0.0,True,False,False,False,False,False,0,0,1,0,True,False,-31.881691163128256,-103.85894876912862
002233.SZ,塔牌集团,9.56,679258.79,649.3714032400001,0.0,0,0.0,0.0,0,0.0,0.0,3,-124.39344097882594,-160.5147443100918,1,-160.5147443100918,False,False,True,False,False,False,0,0,0,0,False,False,80.21304762784419,197.92250960839314
002235.SZ,安妮股份,12.85,2445315.94,3142.2309829,0.0,0,0.0,0.0,0,0.0,-200.0,6,-200.0,-75.6461360641602,0,0.0,False,False,True,False,False,False,0,0,0,0,False,False,144.2221740073769,268.6826009979078
002226.SZ,江南化工,6.01,255053.8,153.2873338,0.0,3,168.3355099395363,0.0,0,0.0,0.0,0,0.0,0.0,0,0.0,True,False,False,False,False,False,0,0,1,1,True,True,-83.72257607926424,-132.40997229916914
002268.SZ,电科网安,18.22,185881.37,338.67585613999995,0.0,0,0.0,0.0,0,0.0,0.0,3,-164.30129142961687,0.0,0,0.0,False,False,True,False,False,False,0,0,0,0,False,False,57.826086956521905,175.67088689153002
002267.SZ,陕天然气,7.47,155187.12,115.92477863999999,164.07142767289412,3,164.07142767289412,158.3590380723332,1,158.3590380723332,0.0,0,0.0,0.0,0,0.0,True,False,False,False,False,False,0,0,1,1,True,True,-261.5817375311033,-187.83333333333317
002238.SZ,天威视讯,9.55,205405.18,196.1619469,0.0,0,0.0,0.0,0,0.0,0.0,0,0.0,-159.81409736476056,2,-159.81409736476056,False,False,False,True,False,False,0,0,0,0,False,False,76.07745159275437,203.25728770595688
002252.SZ,上海莱士,6.44,344425.35,221.80992540000003,0.038023062290411185,0,0.0,200.00000000000003,4,200.00000000000003,0.0,0,0.0,0.0,0,0.0,False,True,False,False,False,False,1,0,1,1,True,True,-181.60642570281107,-198.74269005847947
002264.SZ,新华都,8.83,1094835.82,966.74002906,0.0,0,0.0,0.0,0,0.0,0.0,0,0.0,0.0,2,-150.8381716752267,False,False,False,True,False,False,0,0,0,0,False,False,-86.35264162953546,125.76078112286399
002285.SZ,世联行,3.16,1690334.63,534.14574308,0.0,0,0.0,0.0,0,0.0,0.0,0,0.0,0.0,3,-199.99999999999997,False,False,False,True,False,False,0,0,0,0,False,False,74.74389282899914,137.99751243781097
002290.SZ,禾盛新材,41.95,39833.0,167.099435,0.0,0,0.0,0.0,0,0.0,0.0,0,0.0,0.0,2,-169.55638138625204,False,False,False,True,False,False,0,0,0,0,False,False,24.75815642310009,141.46815923037425
002300.SZ,太阳电缆,10.69,1330709.19,1422.52812411,0.0,0,0.0,0.0,0,0.0,0.0,2,-198.62987799188417,0.0,2,-146.84556257186503,False,False,False,True,False,False,0,0,0,0,False,False,78.93011216565999,197.7024419822501
002304.SZ,洋河股份,62.45,50344.8,314.403276,0.0,2,200.0,199.99999999999997,2,199.99999999999997,0.0,0,0.0,0.0,0,0.0,False,True,False,False,False,False,1,0,0,1,True,True,-68.0032494903513,-180.0752151587475
002291.SZ,遥望科技,6.38,387866.3,247.4586994,0.159030483775428,0,0.0,0.0,0,0.0,0.0,0,0.0,0.0,2,-200.0,False,False,False,True,False,False,1,0,0,0,True,False,-108.43962273371473,-70.39106145251422
002279.SZ,久其软件,7.92,421266.0,333.64267199999995,0.0,0,0.0,0.0,0,0.0,0.0,0,0.0,0.0,2,-200.00000000000003,False,False,False,True,False,False,0,0,1,0,True,False,-116.32996632996633,41.781450872360075
002289.SZ,*ST宇顺,29.78,36243.01,107.93168378000001,161.25846796294707,4,161.25846796294707,0.0,0,0.0,0.0,0,0.0,0.0,0,0.0,True,False,False,False,False,False,0,0,1,1,True,True,-195.0996021658271,-186.62249566177627
002321.SZ,华英农业,2.4,447067.0,107.29608,0.07107838251250975,0,0.0,0.0,0,0.0,0.0,0,0.0,0.0,2,-200.0,False,False,False,True,False,False,1,0,1,1,True,True,-158.23523782180095,-201.24580737901323
002301.SZ,齐心集团,7.32,538297.37,394.03367484,0.0,0,0.0,0.0,0,0.0,0.0,0,0.0,-200.00000000000003,3,-200.00000000000003,False,False,False,True,False,False,0,0,1,0,True,False,-158.645677161419,130.4712689368843
002326.SZ,永太科技,22.02,926076.66,2039.22080532,0.0,0,0.0,0.0,0,0.0,0.0,0,0.0,0.0,2,-200.0,False,False,False,True,False,False,0,0,1,0,True,False,-115.57281308204675,44.37569870089809
002327.SZ,富安娜,6.63,200657.24,133.03575012,200.0,6,200.0,129.8735246282713,1,129.8735246282713,0.0,0,0.0,0.0,0,0.0,True,False,False,False,False,False,1,0,1,1,True,True,-227.54463250637585,-230.7331378299129
002312.SZ,川发龙蟒,10.9,269852.0,294.13868,130.24935484257918,1,130.24935484257918,0.0,0,0.0,0.0,0,0.0,0.0,2,-113.69325415929782,False,False,False,True,False,False,1,0,1,0,True,False,-123.7449118046133,-41.451209341117426
002353.SZ,杰瑞股份,75.87,340271.62,2581.64078094,0.0,0,0.0,0.0,0,0.0,-110.98298674569224,2,-110.98298674569224,-200.0,3,-200.0,False,False,False,True,False,False,0,0,0,0,False,False,103.76232445818532,253.3757276638826
002352.SZ,顺丰控股,37.43,241639.71,904.45743453,0.0,2,117.71508308931534,200.0,4,200.0,0.0,0,0.0,0.0,0,0.0,False,True,False,False,False,False,0,0,0,1,False,True,-113.16367334673895,-183.84665367121454
002356.SZ,赫美集团,3.96,725908.85,287.4599046,0.0,0,0.0,0.0,0,0.0,0.0,0,0.0,0.0,3,-200.0,False,False,False,True,False,False,0,0,1,0,True,False,-114.83533394890753,88.7517531556801
002363.SZ,隆基机械,8.45,330995.8,279.691451,0.0,0,0.0,0.0,0,0.0,0.0,1,-142.85527252680052,0.0,2,-200.0,False,False,False,True,False,False,0,0,1,0,True,False,-127.54237288135572,56.83083309746217
002348.SZ,高乐股份,6.63,1189400.0,788.5722,0.0,0,0.0,0.0,0,0.0,0.0,2,-108.31578303676291,-200.0,3,-200.0,False,False,False,True,False,False,0,0,0,0,False,False,73.1536842105264,223.44924481910772
002379.SZ,宏创控股,23.07,176911.22,408.13418454,0.0,0,0.0,0.0,0,0.0,0.0,0,0.0,0.0,2,-174.53495618562567,False,False,False,True,False,False,0,0,0,0,False,False,70.08835612583705,132.80256742578527
002384.SZ,东山精密,84.86,1456326.71,12358.38846106,0.0,0,0.0,0.0,0,0.0,-130.6493603807041,3,-130.6493603807041,0.0,0,0.0,False,False,True,False,False,False,0,0,0,0,False,False,170.72830626285037,189.73463348372366
002388.SZ,ST新亚,5.7,179145.0,102.11265,0.0,0,0.0,0.0,0,0.0,0.0,0,0.0,0.0,2,-200.0,False,False,False,True,False,False,0,0,1,0,True,False,-161.68741355463342,20.34167659912599
002394.SZ,联发股份,12.61,124920.0,157.52411999999998,0.0,0,0.0,0.0,0,0.0,0.0,0,0.0,0.0,2,-143.44105327261744,False,False,False,True,False,False,0,0,0,0,False,False,-41.72963895885856,94.91345680415087
002400.SZ,省广集团,8.4,751015.66,630.8531544000001,0.0,0,0.0,0.0,0,0.0,0.0,0,0.0,0.0,2,-200.0,False,False,False,True,False,False,0,0,0,0,False,False,-103.73469968687732,-3.1575672732929254
002404.SZ,嘉欣丝绸,7.0,230792.0,161.5544,0.0,0,0.0,0.0,0,0.0,0.0,0,0.0,0.0,2,-200.0,False,False,False,True,False,False,0,0,0,0,False,False,46.37752994630357,102.82649061275008
002413.SZ,雷科防务,9.07,3745520.28,3397.18689396,0.0,0,0.0,0.0,0,0.0,0.0,0,0.0,-200.0,3,-200.0,False,False,False,True,False,False,0,0,0,0,False,False,72.39677744209482,190.95725426963702
002430.SZ,杭氧股份,30.58,338365.97,1034.7231362599998,0.0,0,0.0,0.0,0,0.0,-39.058679252582856,0,0.0,-122.38088511587692,2,-122.38088511587692,False,False,False,True,False,False,0,0,0,0,False,False,151.3164883526823,135.07499904093297
002459.SZ,晶澳科技,11.27,365579.68,412.00829935999997,190.66860143003495,4,190.66860143003495,0.0,0,0.0,0.0,0,0.0,0.0,1,-200.0,True,False,False,False,False,False,0,0,0,1,False,True,-81.12510179790812,-163.81113407226502
002439.SZ,启明星辰,13.92,249252.71,346.95977232,0.04293024767185037,0,0.0,200.0,2,200.0,0.0,0,0.0,0.0,0,0.0,False,True,False,False,False,False,0,0,1,1,True,True,-212.85112359550644,-187.32677821861924
002466.SZ,天齐锂业,51.64,585150.41,3021.71671724,0.0,0,0.0,0.0,0,0.0,0.0,0,0.0,0.0,2,-200.0,False,False,False,True,False,False,0,0,0,0,False,False,-39.26489748337055,28.71919566182291
002465.SZ,海格通信,13.33,1549358.12,2065.2943739600005,0.0,0,0.0,0.0,0,0.0,0.0,5,-193.40505383786146,0.0,0,0.0,False,False,True,False,False,False,0,0,0,0,False,False,136.35416666666652,83.34700574241187
002455.SZ,百川股份,6.76,176622.04,119.39649904,0.3731620590529514,0,0.0,0.0,0,0.0,0.0,0,0.0,0.0,2,-200.0,False,False,False,True,False,False,1,0,0,0,True,False,-98.54327335047128,-102.07557211282582
002474.SZ,榕基软件,10.4,1108629.08,1152.9742432000003,0.0,0,0.0,0.0,0,0.0,0.0,0,0.0,0.0,2,-200.0,False,False,False,True,False,False,0,0,0,0,False,False,-96.71889191643967,96.12283965596268
002488.SZ,金固股份,8.55,868122.25,742.2445237500001,0.0,1,174.9643283539252,0.0,4,200.0,0.0,0,0.0,0.0,0,0.0,False,True,False,False,False,False,1,0,1,1,True,True,-32.618969117485754,-103.36110313128395
002497.SZ,雅化集团,21.2,514309.24,1090.3355888,0.0,0,0.0,0.0,0,0.0,0.0,0,0.0,0.0,2,-200.0,False,False,False,True,False,False,0,0,0,0,False,False,-44.914625092798836,61.50292952130885
002493.SZ,荣盛石化,9.34,243500.5,227.429467,200.0,3,200.0,0.0,0,0.0,0.0,0,0.0,0.0,1,-200.0,True,False,False,False,False,False,1,0,1,0,True,False,-144.42079120099393,-83.43463983790993
002512.SZ,达华智能,6.69,2952224.92,1975.03847148,0.0,0,0.0,0.0,0,0.0,0.0,4,-184.2275509911949,-200.0,3,-200.0,False,False,True,True,False,True,0,0,0,0,False,False,42.06048990433918,161.53594771241833
002456.SZ,欧菲光,10.53,593163.37,624.60102861,120.71788008773468,3,120.71788008773468,200.0,2,200.0,0.0,0,0.0,0.0,0,0.0,True,True,False,False,True,False,0,0,1,1,True,True,-186.14316239316267,-138.1957020403234
002543.SZ,万和电气,9.93,232780.39,231.15092727,138.61614614673042,6,138.61614614673042,145.07997715011243,1,145.07997715011243,0.0,0,0.0,0.0,0,0.0,True,False,False,False,False,False,1,0,1,1,True,True,-147.74628879892128,-182.80839895013088
002544.SZ,普天科技,32.5,795090.92,2584.0454900000004,0.0,0,0.0,0.0,0,0.0,-172.24345123905042,4,-172.24345123905042,-190.69057451461632,3,-190.69057451461632,False,False,True,True,False,True,0,0,0,0,False,False,142.92371259224058,198.7476616830169
002540.SZ,亚太科技,6.79,660702.6,448.6170654,0.0,0,0.0,0.0,0,0.0,0.0,0,0.0,0.0,3,-197.58925109671424,False,False,False,True,False,False,0,0,0,0,False,False,-65.81663630843953,44.1517812090019
002516.SZ,旷达科技,6.53,189011.51,123.42451603,0.0,0,0.0,0.0,0,0.0,-185.8128221847922,3,-185.8128221847922,0.0,0,0.0,False,False,True,False,False,False,0,0,0,0,False,False,94.57052955747432,132.38282530317963
002548.SZ,金新农,5.55,395645.67,219.58334685,0.0,0,0.0,0.0,0,0.0,0.0,0,0.0,0.0,2,-173.21036674205644,False,False,False,True,False,False,0,0,0,0,False,False,-10.829346092503863,129.10780514230925
002562.SZ,兄弟科技,6.36,178294.0,113.39498400000001,143.99138827220997,3,143.99138827220997,0.0,0,0.0,0.0,0,0.0,0.0,0,0.0,True,False,False,False,False,False,1,0,1,1,True,True,-133.15835520559946,-117.72107035264946
002565.SZ,顺灏股份,15.95,2073320.44,3306.9461017999997,0.0,0,0.0,0.0,0,0.0,-200.00000000000003,5,-200.00000000000003,-134.51411514306417,2,-134.51411514306417,False,False,True,True,False,True,0,0,0,0,False,False,135.18146511316462,306.5842646965966
002567.SZ,唐人神,4.38,559490.11,245.05666818,181.1828827545063,3,181.1828827545063,200.0,3,200.0,0.0,0,0.0,0.0,0,0.0,True,True,False,False,True,False,1,0,1,1,True,True,-159.15221579961522,-244.03669724770558
002568.SZ,百润股份,21.02,62573.72,131.52995944,0.0,3,110.21925474167695,200.0,2,200.0,0.0,0,0.0,0.0,0,0.0,True,True,False,False,True,False,1,0,1,1,True,True,-116.50554958825646,-210.87024426813278
002578.SZ,闽发铝业,4.47,1007060.0,450.15582,0.0,0,0.0,0.0,0,0.0,0.0,1,-105.06646317769244,0.0,2,-171.85574596571607,False,False,False,True,False,False,0,0,0,0,False,False,4.907313784967892,115.04432743800906
002583.SZ,海能达,11.25,450209.88,506.48611500000004,176.64165713715263,4,176.64165713715263,0.0,0,0.0,0.0,0,0.0,0.0,0,0.0,True,False,False,False,False,False,1,0,0,0,True,False,-94.97148781752189,-109.29589449053438
002589.SZ,瑞康医药,3.51,1909848.04,670.35666204,0.0,0,0.0,0.0,0,0.0,0.0,2,-149.28459104228946,0.0,2,-170.2128038364464,False,False,False,True,False,False,0,0,0,0,False,False,-3.994401378122352,188.48013816925732
002595.SZ,豪迈科技,88.19,73126.21,644.90004599,0.0,0,0.0,0.0,0,0.0,-126.37480923827684,5,-126.37480923827684,-194.98037152136175,2,-194.98037152136175,False,False,True,True,False,True,0,0,0,0,False,False,171.0846785613138,213.19754045836905
002596.SZ,海南瑞泽,6.33,1639309.55,1037.68294515,0.0,0,0.0,0.0,0,0.0,0.0,0,0.0,0.0,4,-200.0,False,False,False,True,False,False,0,0,0,0,False,False,46.511627906976585,148.70242699400268
002557.SZ,洽洽食品,20.96,69551.18,145.77927327999998,149.467157013504,3,149.467157013504,0.0,0,0.0,0.0,0,0.0,0.0,0,0.0,True,False,False,False,False,False,1,0,1,0,True,False,-124.25328554360827,-104.91857760053202
002593.SZ,日上集团,6.08,657273.0,399.621984,0.0,0,0.0,0.0,0,0.0,0.0,0,0.0,0.0,2,-200.0,False,False,False,True,False,False,0,0,0,0,False,False,-20.91139240506313,88.80208333333331
002585.SZ,双星新材,6.5,984504.09,639.9276585,0.0,0,0.0,0.0,0,0.0,0.0,0,0.0,-200.0,2,-200.0,False,False,False,True,False,False,0,0,0,0,False,False,24.201656359625286,215.0476391379247
002607.SZ,中公教育,2.57,2167720.51,557.1041710699999,0.0,1,104.00505409656778,0.0,2,151.18237261540895,0.0,0,0.0,0.0,0,0.0,False,True,False,False,False,False,1,0,1,1,True,True,29.485179407176386,-110.90342679127704
002614.SZ,奥佳华,7.25,362813.11,263.03950475,0.0,0,0.0,0.0,0,0.0,0.0,3,-134.9114159123488,-177.21609047088657,3,-177.21609047088657,False,False,True,True,False,True,0,0,0,0,False,False,-92.75897435897447,110.4217892944959
002632.SZ,道明光学,13.03,975218.23,1270.70935369,0.0,0,0.0,0.0,0,0.0,0.0,0,0.0,0.0,2,-200.0,False,False,False,True,False,False,0,0,0,0,False,False,-17.810992992832944,166.3100137174212
002637.SZ,赞宇科技,10.1,103136.62,104.1679862,141.62035009526136,4,141.62035009526136,0.0,0,0.0,0.0,0,0.0,0.0,0,0.0,True,False,False,False,False,False,0,0,1,1,True,True,-238.7479762547217,-112.4290220820186
002638.SZ,勤上股份,3.08,590086.63,181.74668204,0.0,0,0.0,0.0,0,0.0,0.0,0,0.0,0.0,2,-200.0,False,False,False,True,False,False,0,0,0,0,False,False,-81.88736681887355,90.43927648578831
002639.SZ,雪人集团,18.16,1851376.13,3362.09905208,0.0,0,0.0,0.0,0,0.0,-99.55655140441186,0,0.0,-176.76185201134814,3,-176.76185201134814,False,False,False,True,False,False,0,0,0,0,False,False,197.3255197028891,147.8723044111175
002646.SZ,天佑德酒,9.0,145131.92,130.618728,200.0,4,200.0,0.0,0,0.0,0.0,0,0.0,0.0,0,0.0,True,False,False,False,False,False,2,0,1,1,True,True,-114.16234887737494,-226.7651888341541
002648.SZ,卫星化学,16.43,275576.56,452.77228807999995,177.84235094833508,4,177.84235094833508,0.0,0,0.0,0.0,0,0.0,0.0,0,0.0,True,False,False,False,False,False,0,0,1,1,True,True,-163.08439587128072,-119.27956147220058
002667.SZ,威领股份,13.99,212112.89,296.74593311,0.0,0,0.0,0.0,0,0.0,0.0,0,0.0,0.0,3,-143.87441457160656,False,False,False,True,False,False,0,0,1,0,True,False,-127.50025538870169,57.79889928633263
002702.SZ,海欣食品,8.09,1324897.36,1071.84196424,0.0,0,0.0,0.0,0,0.0,0.0,2,-154.85998437757777,-110.58747467009083,2,-110.58747467009083,False,False,False,True,False,False,0,0,0,0,False,False,1.584068793844821,186.2767907501411
002682.SZ,龙洲股份,10.85,2881174.32,3126.0741371999998,0.0,0,0.0,0.0,0,0.0,0.0,5,-137.12939584872427,-188.77666850868076,4,-188.77666850868076,False,False,True,True,False,True,0,0,0,0,False,False,111.00865516930949,274.1264367816092
002726.SZ,龙大美食,4.13,372385.46,153.79519498000002,0.033774478090957925,0,0.0,179.07994682350733,4,179.07994682350733,0.0,0,0.0,0.0,0,0.0,False,True,False,False,False,False,1,0,1,1,True,True,-128.0200501253129,-155.95390524967968
002713.SZ,*ST东易,10.12,386346.91,390.9830729199999,0.0,0,0.0,0.0,0,0.0,0.0,0,0.0,0.0,2,-200.0,False,False,False,True,False,False,0,0,0,0,False,False,-96.29570803331923,9.951633207447186
002712.SZ,思美传媒,5.5,247401.01,136.0705555,0.0,0,0.0,0.0,0,0.0,0.0,0,0.0,0.0,3,-200.0,False,False,False,True,False,False,0,0,1,0,True,False,-208.74035989717214,-3.65469439193427
002752.SZ,昇兴股份,7.56,806577.92,609.77290752,0.0,0,0.0,0.0,0,0.0,0.0,0,0.0,-122.93112179304254,5,-122.93112179304254,False,False,False,True,False,False,0,0,0,0,False,False,37.73784355179691,210.88012573224736
002729.SZ,好利科技,16.12,148852.75,239.950633,0.0,0,0.0,0.0,0,0.0,0.0,0,0.0,0.0,2,-200.00000000000003,False,False,False,True,False,False,0,0,0,0,False,False,-90.14017581373199,129.40541615189088
002725.SZ,跃岭股份,19.08,772069.1,1473.1078427999998,0.0,0,0.0,0.0,0,0.0,0.0,3,-149.9292007656764,-118.04725324208219,1,-118.04725324208219,False,False,True,False,False,False,0,0,0,1,False,True,144.09229563708604,255.73811096433275
002738.SZ,中矿资源,64.8,242749.17,1573.0146216,0.0,0,0.0,0.0,0,0.0,0.0,0,0.0,0.0,2,-136.4850662441859,False,False,False,True,False,False,0,0,0,0,False,False,34.84549638395772,84.77888276527383
002792.SZ,通宇通讯,29.1,943286.5,2744.9637150000003,0.0,0,0.0,0.0,0,0.0,0.0,2,-163.13447532902026,-176.39097910582987,3,-176.39097910582987,False,False,False,True,False,False,0,0,0,0,False,False,35.766760310740025,192.46070619443398
002795.SZ,永和智控,6.64,273583.24,181.65927136,0.0,0,0.0,0.0,0,0.0,0.0,1,-100.25066553402398,0.0,2,-200.0,False,False,False,True,False,False,0,0,0,0,False,False,-4.796867351933448,109.34890900161366
002769.SZ,普路通,12.94,216839.48,280.59028711999997,0.0,0,0.0,0.0,0,0.0,-147.48660825978052,3,-147.48660825978052,-200.00000000000003,2,-200.00000000000003,False,False,True,True,False,True,0,0,0,0,False,False,218.7531973982315,229.18888741974817
002774.SZ,快意电梯,9.34,119478.0,111.59245200000001,145.86111645044164,4,145.86111645044164,0.0,0,0.0,0.0,0,0.0,0.0,0,0.0,True,False,False,False,False,False,0,1,1,1,True,True,-53.71794871794879,-148.00557880055803
002805.SZ,丰元股份,16.77,176706.04,296.33602908,0.0,0,0.0,0.0,0,0.0,0.0,0,0.0,0.0,2,-187.94979763228875,False,False,False,True,False,False,0,0,1,0,True,False,-153.0368681109845,28.581877937094806
002756.SZ,永兴材料,45.5,169456.48,771.0269840000001,0.0,0,0.0,0.0,0,0.0,0.0,0,0.0,0.0,2,-159.4696107523133,False,False,False,True,False,False,0,0,0,0,False,False,-55.99480326651847,38.313708387847065
002721.SZ,金一文化,3.09,455502.0,140.750118,200.0,3,200.0,0.0,0,0.0,0.0,0,0.0,0.0,0,0.0,True,False,False,False,False,False,1,0,1,1,True,True,-145.48802946593014,-175.3566796368356
002758.SZ,浙农股份,9.75,139614.75,136.12438125,0.0,0,0.0,0.0,0,0.0,0.0,1,-158.73961629845482,0.0,2,-163.55978883217983,False,False,False,True,False,False,0,0,0,0,False,False,-32.69896193771664,96.16045845272195
002807.SZ,江阴银行,4.6,448850.38,206.4711748,145.12798658254724,5,145.12798658254724,0.0,0,0.0,0.0,0,0.0,0.0,0,0.0,True,False,False,False,False,False,0,0,1,0,True,False,-154.2184017828726,-47.94182023582617
002831.SZ,裕同科技,28.88,95187.65,274.9019332,0.0,0,0.0,0.0,0,0.0,0.0,0,0.0,0.0,2,-116.42384635610792,False,False,False,True,False,False,0,0,1,0,True,False,-111.11111111111163,81.51775318556258
002836.SZ,新宏泽,17.32,98107.24,169.92173968000003,0.0,0,0.0,0.0,0,0.0,0.0,0,0.0,-198.78606987332373,4,-198.78606987332373,False,False,False,True,False,False,0,0,0,0,False,False,83.54075750228961,171.68627965166465
002853.SZ,皮阿诺,16.24,93604.0,152.01289599999998,0.0,0,0.0,0.0,0,0.0,-158.96056378899453,3,-158.96056378899453,-200.0,1,-200.0,False,False,True,False,False,False,0,0,0,0,False,False,232.4301617307288,190.68795412019156
002860.SZ,星帅尔,14.29,123676.35,176.73350415000002,0.0,0,0.0,0.0,0,0.0,0.0,0,0.0,0.0,2,-171.33343790709407,False,False,False,True,False,False,0,0,0,0,False,False,-95.76490924805553,23.502436228145726
002779.SZ,中坚科技,142.44,49220.32,701.09423808,0.0,0,0.0,0.0,0,0.0,-155.51424082706015,3,-155.51424082706015,0.0,0,0.0,False,False,True,False,False,False,0,0,0,0,False,False,121.70377600328409,163.55196818155287
002863.SZ,今飞凯达,5.58,237461.8,132.5036844,0.0,0,0.0,0.0,0,0.0,0.0,0,0.0,0.0,3,-200.0,False,False,False,True,False,False,0,0,0,0,False,False,-54.20837968112694,42.121931908155275
002867.SZ,周大生,11.95,233598.38,279.1500641,99.76571488643036,0,0.0,200.0,2,200.0,0.0,0,0.0,0.0,0,0.0,False,True,False,False,False,False,1,0,1,1,True,True,-112.82051282051277,-212.781040046554
002866.SZ,传艺科技,17.72,69081.0,122.41153199999998,200.0,1,200.0,0.0,0,0.0,0.0,0,0.0,0.0,2,-200.00000000000003,False,False,False,True,False,False,0,0,1,0,True,False,-181.1242502142239,-69.34062594955908
002893.SZ,京能热力,12.37,159299.4,197.0533578,0.0,0,0.0,0.0,0,0.0,0.0,0,0.0,0.0,2,-173.28267094145855,False,False,False,True,False,False,0,0,1,0,True,False,-116.61885637789243,36.358142493638674
002902.SZ,铭普光磁,23.29,172245.45,401.15965305000003,0.0,0,0.0,0.0,0,0.0,-134.19586036862668,4,-134.19586036862668,0.0,0,0.0,False,False,True,False,False,False,0,0,0,0,False,False,106.71217292377706,54.52132072341147
002927.SZ,泰永长征,20.16,294777.97,594.2723875199999,0.0,0,0.0,0.0,0,0.0,0.0,0,0.0,0.0,2,-200.0,False,False,False,True,False,False,0,0,0,0,False,False,159.24181140455224,117.20257699196861
002930.SZ,宏川智慧,12.07,127946.26,154.43113581999998,0.0,0,0.0,0.0,0,0.0,0.0,3,-141.16138991390724,0.0,0,0.0,False,False,True,False,False,False,0,0,0,0,False,False,110.36486615223409,185.85319577848884
002936.SZ,郑州银行,1.94,686925.01,133.26345193999998,125.62210862126976,5,125.62210862126976,0.0,0,0.0,0.0,0,0.0,0.0,0,0.0,True,False,False,False,False,False,0,0,0,1,False,True,-182.72058823529366,-180.15194681861385
002931.SZ,锋龙股份,19.7,91544.28,180.3422316,0.0,0,0.0,0.0,0,0.0,0.0,0,0.0,0.0,2,-200.0,False,False,False,True,False,False,0,0,0,0,False,False,-30.936675461741483,104.53844836444605
002919.SZ,名臣健康,21.35,93855.8,200.38213300000004,0.0,0,0.0,0.0,0,0.0,0.0,0,0.0,0.0,2,-200.0,False,False,False,True,False,False,0,0,1,0,True,False,-281.651101532568,78.1773852007458
002948.SZ,青岛银行,4.58,370134.2,169.5214636,171.1870268809577,4,171.1870268809577,0.0,0,0.0,0.0,0,0.0,0.0,0,0.0,True,False,False,False,False,False,0,0,1,1,True,True,-159.88200589970523,-127.63077858880776
002961.SZ,瑞达期货,28.66,320579.94,918.7821080399999,0.0,0,0.0,0.0,0,0.0,0.0,2,-122.98611395183866,-200.0,3,-200.0,False,False,False,True,False,False,0,0,0,0,False,False,76.85426815124094,203.37090326426363
002967.SZ,广电计量,22.59,164180.0,370.88262000000003,0.0,0,0.0,0.0,0,0.0,0.0,3,-194.84686716188926,-151.04136351843624,1,-151.04136351843624,False,False,True,False,False,False,0,0,0,0,False,False,74.90178746808118,175.5129229949375
002969.SZ,嘉美包装,4.56,1219534.37,556.10767272,0.0,0,0.0,0.0,0,0.0,-0.02738060244828311,0,0.0,-200.0,2,-200.0,False,False,False,True,False,False,0,0,0,0,False,False,176.68724948542956,247.919178003559
002976.SZ,瑞玛精密,26.89,64630.21,173.79063469,0.0,0,0.0,0.0,0,0.0,0.0,0,0.0,0.0,2,-162.8471879894744,False,False,False,True,False,False,0,0,0,0,False,False,-42.11597443173671,71.7134717134718
002984.SZ,森麒麟,22.36,187522.39,419.30006404000005,0.0,0,0.0,0.0,0,0.0,0.0,2,-123.87376314263142,-198.2046752177231,2,-198.2046752177231,False,False,False,True,False,False,0,0,0,0,False,False,104.36671616344951,196.10289718827397
002975.SZ,博杰股份,72.58,53844.0,390.799752,0.0,0,0.0,0.0,0,0.0,0.0,0,0.0,0.0,2,-178.7395575521256,False,False,False,True,False,False,0,0,1,0,True,False,-114.79147489910187,70.74087037685224
003010.SZ,若羽臣,34.54,29923.69,103.35642526,0.0,0,0.0,0.0,2,186.4630155161104,0.0,0,0.0,0.0,0,0.0,False,True,False,False,False,False,1,0,1,0,True,False,-82.79392942036976,-102.08052138367202
003016.SZ,欣贺股份,10.36,378483.62,392.10903032,0.0,0,0.0,0.0,0,0.0,0.0,2,-115.22161466535947,-146.2142552342876,3,-146.2142552342876,False,False,False,True,False,False,0,0,0,0,False,False,17.046498038233445,210.33727551467376
003018.SZ,金富科技,18.5,181419.0,335.62515,0.0,0,0.0,0.0,0,0.0,0.0,0,0.0,0.0,3,-149.80488062233104,False,False,False,True,False,False,0,0,0,0,False,False,-48.90488830709165,119.97447038318968
003041.SZ,真爱美家,42.29,46642.4,197.25070960000002,0.0,0,0.0,0.0,0,0.0,0.0,0,0.0,0.0,3,-200.0,False,False,False,True,False,False,0,0,0,0,False,False,-103.1844602315067,62.50979554035761
300015.SZ,爱尔眼科,11.11,546528.69,607.19337459,0.1109278199913475,0,0.0,200.0,4,200.0,0.0,0,0.0,0.0,0,0.0,False,True,False,False,False,False,1,0,1,1,True,True,-152.69874116226998,-166.9574637929074
300070.SZ,碧水源,3.98,539047.13,214.54075773999998,150.32271273056364,4,150.32271273056364,200.0,3,200.0,0.0,0,0.0,0.0,0,0.0,True,True,False,False,True,False,0,0,1,1,True,True,-175.2678298132848,-250.44824775876046
300058.SZ,蓝色光标,8.87,2854764.38,2532.1760050599996,0.0,0,0.0,0.0,0,0.0,0.0,0,0.0,0.0,2,-172.82938823415927,False,False,False,True,False,False,0,0,0,0,False,False,-92.72551857211764,64.35397553516813
300078.SZ,思创医惠,4.25,1015495.33,431.58551524999996,0.0,0,0.0,0.0,0,0.0,0.0,1,-127.15500138905885,0.0,3,-200.0,False,False,False,True,False,False,0,0,1,0,True,False,-168.04835924006912,90.45267489711934
300056.SZ,中创环保,9.71,488069.63,473.91561073,0.0,0,0.0,0.0,2,162.9083348380456,0.0,0,0.0,0.0,0,0.0,False,True,False,False,False,False,1,0,1,0,True,False,77.2742469833745,-21.65429156354066
300053.SZ,航宇微,17.95,1385463.33,2486.90667735,0.0,0,0.0,0.0,0,0.0,-114.3831548995619,4,-114.3831548995619,-154.28803946910614,3,-154.28803946910614,False,False,True,True,False,True,0,0,0,0,False,False,113.00091074681242,198.777771431835
300017.SZ,网宿科技,10.09,444949.06,448.95360153999997,156.6339435591304,3,156.6339435591304,0.0,0,0.0,0.0,0,0.0,0.0,0,0.0,True,False,False,False,False,False,0,1,0,1,False,True,-103.88692579505381,-137.97940889744868
300086.SZ,康芝药业,11.43,694492.11,793.8044817299999,0.0,0,0.0,0.0,0,0.0,0.0,0,0.0,0.0,3,-200.0,False,False,False,True,False,False,0,0,1,0,True,False,-40.52259275299542,101.16244124682939
300122.SZ,智飞生物,19.37,125712.76,243.50561611999998,200.0,3,200.0,0.0,0,0.0,0.0,0,0.0,0.0,0,0.0,True,False,False,False,False,False,1,0,1,1,True,True,-157.87190234576067,-149.2231552472515
300123.SZ,亚光科技,7.88,1703574.84,1342.41697392,0.0,0,0.0,0.0,0,0.0,0.0,0,0.0,0.0,2,-138.56157071726943,False,False,False,True,False,False,0,0,0,0,False,False,51.79999999999994,143.72207327971424
300102.SZ,乾照光电,26.32,2086100.17,5490.6156474399995,0.0,0,0.0,0.0,0,0.0,-154.62412438178737,5,-154.62412438178737,-200.0,3,-200.0,False,False,True,True,False,True,0,0,0,0,False,False,105.03604059689975,223.28419750541173
300146.SZ,汤臣倍健,11.64,115184.72,134.07501408000002,105.09155969082433,5,105.09155969082433,0.0,0,0.0,0.0,0,0.0,0.0,0,0.0,True,False,False,False,False,False,0,0,0,0,False,False,-102.29763167196835,-93.08254099490179
300139.SZ,晓程科技,32.76,584919.93,1916.1976906800003,0.0,0,0.0,0.0,0,0.0,0.0,3,-126.43088985699102,-124.9611610208995,1,-124.9611610208995,False,False,True,False,False,False,0,0,0,0,False,False,155.1687792221834,184.1283274349899
300155.SZ,安居宝,6.01,381343.83,229.18764183,0.0,0,0.0,0.0,0,0.0,0.0,0,0.0,0.0,2,-200.0,False,False,False,True,False,False,0,0,0,0,False,False,85.1481263488329,116.55796841778361
300162.SZ,雷曼光电,7.65,146800.0,112.302,0.0,0,0.0,0.0,0,0.0,0.0,0,0.0,0.0,2,-132.60952373992455,False,False,False,True,False,False,0,0,1,0,True,False,-168.39912280701756,27.093712930011947
300183.SZ,东软载波,14.72,68171.99,100.34916928000001,145.30067414196188,2,145.30067414196188,200.0,2,200.0,0.0,0,0.0,0.0,0,0.0,False,True,False,False,False,False,0,0,1,1,True,True,-146.04938271605013,-112.32824060728365
300115.SZ,长盈精密,38.71,1392386.75,5389.92910925,0.0,0,0.0,0.0,0,0.0,0.0,0,0.0,0.0,2,-194.85818747734967,False,False,False,True,False,False,0,0,0,0,False,False,-49.583852775304344,77.19934614033664
300189.SZ,神农种业,6.75,2847898.85,1922.33172375,0.0,0,0.0,0.0,0,0.0,0.0,2,-193.45165428176412,-199.26595751515822,2,-199.26595751515822,False,False,False,True,False,False,0,0,0,0,False,False,144.1574118783197,150.2276120761863
300200.SZ,高盟新材,13.01,658739.02,857.01946502,0.0,0,0.0,0.0,0,0.0,-94.50454553302522,0,0.0,-199.99999999999997,3,-199.99999999999997,False,False,False,True,False,False,0,0,0,0,False,False,164.8329565435817,159.0342538101705
300201.SZ,海伦哲,5.51,205168.86,113.04804186,183.02834048948733,2,183.02834048948733,0.0,0,0.0,0.0,0,0.0,0.0,2,-119.6916539943569,False,False,False,True,False,False,0,0,1,0,True,False,-107.93042452830197,-0.3869541182976175
300166.SZ,东方国信,9.83,182051.93,178.95704719,155.54957841983963,3,155.54957841983963,0.0,0,0.0,0.0,0,0.0,0.0,0,0.0,True,False,False,False,False,False,1,0,0,1,True,True,-89.97931399432355,-159.3149294298718
300212.SZ,易华录,16.65,254587.86,423.8887868999999,98.46793503425488,0,0.0,169.01101085883923,3,169.01101085883923,0.0,0,0.0,0.0,0,0.0,False,True,False,False,False,False,1,0,1,1,True,True,-116.0737812911723,-175.88350010024234
300180.SZ,华峰超纤,6.31,191430.0,120.79232999999998,109.19580241858581,2,109.19580241858581,157.2482241176003,3,157.2482241176003,0.0,0,0.0,0.0,0,0.0,False,True,False,False,False,False,1,0,0,1,True,True,-106.05504587155926,-159.39357907253216
300233.SZ,金城医药,14.73,118165.56,174.05786988000003,176.74733095432296,5,176.74733095432296,200.0,1,200.0,0.0,0,0.0,0.0,0,0.0,True,False,False,False,False,False,0,0,1,1,True,True,-183.02680449277295,-157.4541504249474
300228.SZ,富瑞特装,9.55,1025336.13,979.19600415,0.0,0,0.0,0.0,0,0.0,-200.0,3,-200.0,-200.0,4,-200.0,False,False,True,True,False,True,0,0,0,0,False,False,162.49187784275506,151.6852386848261
300250.SZ,初灵信息,27.02,403938.57,1091.4420161399999,0.0,0,0.0,0.0,0,0.0,0.0,0,0.0,0.0,2,-200.0,False,False,False,True,False,False,0,0,0,0,False,False,-100.73307740690123,65.12330145948663
300266.SZ,兴源环境,2.81,1845716.69,518.64638989,0.0,2,154.8547380097612,124.67966164622271,2,124.67966164622271,-84.96038427403862,0,0.0,0.0,0,0.0,False,True,False,False,False,False,1,0,1,0,True,False,239.23371647509617,82.15158924205397
300253.SZ,卫宁健康,8.09,309492.8,250.37967519999998,0.0,0,0.0,0.0,2,200.0,0.0,0,0.0,0.0,0,0.0,False,True,False,False,False,False,0,0,0,0,False,False,-87.7742946708467,-107.67405599620363
300203.SZ,聚光科技,15.8,75594.81,119.43979979999999,0.0,0,0.0,0.0,2,200.0,0.0,0,0.0,0.0,0,0.0,False,True,False,False,False,False,0,1,0,1,False,True,111.39660174057155,-67.55681435025969
300300.SZ,海峡创新,16.58,1753853.58,2907.8892356399997,0.0,0,0.0,0.0,0,0.0,0.0,0,0.0,0.0,2,-200.0,False,False,False,True,False,False,0,0,0,0,False,False,37.3359703647893,106.9087136929461
300298.SZ,三诺生物,16.52,66051.99,109.11788748000001,104.39477687304792,3,104.39477687304792,200.0,3,200.0,0.0,0,0.0,0.0,0,0.0,True,True,False,False,True,False,1,1,1,1,True,True,-159.01875901875977,-159.13703419459364
300321.SZ,同大股份,44.14,29872.0,131.855008,0.0,0,0.0,0.0,0,0.0,0.0,0,0.0,0.0,2,-185.0376787553891,False,False,False,True,False,False,0,0,1,0,True,False,-229.96470965672154,25.01111060027893
300327.SZ,中颖电子,29.4,180161.74,529.6755155999999,0.0,0,0.0,0.0,0,0.0,0.0,1,-128.7564836030109,-154.32549507945635,2,-154.32549507945635,False,False,False,True,False,False,0,0,0,0,False,False,56.34975711311525,141.85896609513998
300242.SZ,佳云科技,5.53,286625.0,158.503625,0.0,0,0.0,0.0,0,0.0,0.0,1,-123.96713823848621,-189.37234915917924,4,-189.37234915917924,False,False,False,True,False,False,0,0,0,0,False,False,12.911199847880438,110.75555555555555
300308.SZ,中际旭创,582.0,468789.24,27283.533768,0.0,0,0.0,0.0,0,0.0,0.0,4,-135.99853341711892,-194.9417538681211,3,-194.9417538681211,False,False,True,True,False,True,0,0,0,0,False,False,81.05553074289129,165.93439682826877
300342.SZ,天银机电,24.42,1054113.09,2574.1441657800005,0.0,0,0.0,0.0,0,0.0,-145.47596702572739,3,-145.47596702572739,-127.41923247346371,2,-127.41923247346371,False,False,True,True,False,True,0,0,0,0,False,False,144.3013173253294,262.602879314399
300344.SZ,*ST立方,1.43,1059225.67,151.46927080999998,133.5025098379258,2,133.5025098379258,199.99999999999997,3,199.99999999999997,0.0,0,0.0,0.0,0,0.0,False,True,False,False,False,False,0,0,0,1,False,True,-78.24309502442915,-226.53781389560004
300375.SZ,鹏翎股份,5.77,826024.81,476.61631537,0.0,0,0.0,0.0,0,0.0,0.0,3,-120.4546588149161,-94.91119892453149,0,0.0,False,False,True,False,False,False,0,0,0,0,False,False,114.21153320579405,235.2219769438315
300382.SZ,斯莱克,16.96,321165.94,544.69743424,0.0,0,0.0,0.0,0,0.0,-179.87048234846694,3,-179.87048234846694,0.0,0,0.0,False,False,True,False,False,False,0,0,0,0,False,False,240.77838178523555,63.27714984466892
300337.SZ,银邦股份,13.88,1169935.19,1623.87004372,0.0,0,0.0,0.0,0,0.0,0.0,4,-200.0,-188.37144716358074,2,-188.37144716358074,False,False,True,True,False,True,0,0,0,0,False,False,108.19053719817087,280.363872644574
300390.SZ,天华新能,49.62,617305.55,3063.0701391,0.0,0,0.0,0.0,0,0.0,0.0,0,0.0,0.0,2,-200.0,False,False,False,True,False,False,0,0,0,0,False,False,-43.69538077403257,79.63555174586428
300380.SZ,安硕信息,41.11,32309.02,132.82238122,0.0,0,0.0,0.0,3,194.84686716188924,0.0,0,0.0,0.0,0,0.0,False,True,False,False,False,False,0,0,0,0,False,False,-3.7185404511013656,-96.05817763551191
300377.SZ,赢时胜,21.82,1358609.71,2964.4863872200003,0.0,0,0.0,0.0,3,188.53888616560872,-75.04461675453875,0,0.0,0.0,0,0.0,False,True,False,False,False,False,0,0,0,0,False,False,109.52301329855422,47.36591407068694
300427.SZ,红相股份,14.4,2088817.76,3007.8975744,0.0,0,0.0,0.0,0,0.0,-157.21440358486504,3,-157.21440358486504,-183.95984303542795,4,-183.95984303542795,False,False,True,True,False,True,0,0,0,0,False,False,123.56234274939723,220.07078909015195
300434.SZ,金石亚药,10.81,169711.0,183.457591,0.0,0,0.0,0.0,0,0.0,0.0,0,0.0,0.0,2,-200.0,False,False,False,True,False,False,0,0,1,0,True,False,-121.70277461041398,11.553926468954794
300438.SZ,鹏辉能源,49.88,252576.79,1259.8530285200002,0.0,0,0.0,0.0,0,0.0,0.0,0,0.0,0.0,2,-200.0,False,False,False,True,False,False,0,0,0,0,False,False,-96.04949556004388,60.42287163457286
300437.SZ,清水源,18.43,389049.06,717.0174175799999,0.0,0,0.0,0.0,0,0.0,0.0,0,0.0,0.0,3,-200.0,False,False,False,True,False,False,0,0,0,0,False,False,-87.30897210051648,86.76778599331716
300445.SZ,康斯特,25.61,258220.25,661.30206025,0.0,0,0.0,0.0,0,0.0,-60.29281147596382,0,0.0,-200.0,2,-200.0,False,False,False,True,False,False,0,0,0,0,False,False,321.3218080316947,235.20068684266994
300444.SZ,双杰电气,10.01,1410072.13,1411.48220213,0.0,0,0.0,0.0,0,0.0,0.0,0,0.0,0.0,2,-199.99999999999997,False,False,False,True,False,False,0,0,0,0,False,False,142.74924471298954,59.55143078112923
300421.SZ,力星股份,29.79,379397.41,1130.22488439,0.0,0,0.0,0.0,0,0.0,0.0,3,-166.91189847545976,-134.12885789269876,3,-134.12885789269876,False,False,True,True,False,True,0,0,0,0,False,False,73.22278289469578,183.67394879022774
300456.SZ,赛微电子,62.33,1413395.36,8809.69327888,0.0,0,0.0,0.0,0,0.0,0.0,0,0.0,-174.81946880779904,4,-174.81946880779904,False,False,False,True,False,False,0,0,0,0,False,False,118.62018482935298,208.61753776072882
300455.SZ,航天智装,26.74,540948.94,1446.49746556,0.0,0,0.0,0.0,0,0.0,0.0,1,-107.70086680136941,0.0,2,-185.9640093986567,False,False,False,True,False,False,0,0,0,0,False,False,12.531527943714357,91.53525046382195
300478.SZ,杭州高新,30.29,45942.0,139.15831799999998,0.0,0,0.0,0.0,0,0.0,0.0,1,-116.56456926304435,-187.14636076543928,4,-187.14636076543928,False,False,False,True,False,False,0,0,0,0,False,False,39.95793901156642,151.3730380671656
300448.SZ,浩云科技,7.56,264370.78,199.86430968000002,0.0,0,0.0,0.0,0,0.0,0.0,0,0.0,-194.8468671618893,3,-194.8468671618893,False,False,False,True,False,False,0,0,0,0,False,False,-24.708314872249257,85.8115777525538
300471.SZ,厚普股份,13.43,330626.5,444.03138949999993,0.0,0,0.0,0.0,0,0.0,0.0,0,0.0,0.0,3,-150.0613703564029,False,False,False,True,False,False,0,0,0,0,False,False,-12.125902992775732,68.62656414895221
300477.SZ,ST合纵,3.04,907552.54,275.89597216000004,0.0,0,0.0,0.0,0,0.0,0.0,0,0.0,0.0,2,-200.0,False,False,False,True,False,False,0,0,1,0,True,False,-112.937595129376,65.46117337086963
300447.SZ,全信股份,17.17,374667.96,643.3048873200001,0.0,0,0.0,0.0,0,0.0,-112.59594499454278,3,-112.59594499454278,0.0,0,0.0,False,False,True,False,False,False,0,0,0,0,False,False,106.99012369354658,212.17948717948704
300498.SZ,温氏股份,16.89,309125.11,522.11231079,0.0,4,200.0,0.0,0,0.0,0.0,0,0.0,0.0,0,0.0,True,False,False,False,False,False,1,0,1,1,True,True,-77.97319932998298,-156.47999999999945
300508.SZ,维宏股份,34.91,58352.12,203.70725092,0.0,0,0.0,0.0,0,0.0,0.0,1,-108.59879636652548,0.0,2,-200.0,False,False,False,True,False,False,0,0,0,0,False,False,-64.49938711107632,79.01371210723728
300516.SZ,久之洋,53.6,151230.9,810.597624,0.0,0,0.0,0.0,0,0.0,0.0,0,0.0,0.0,2,-200.0,False,False,False,True,False,False,0,0,0,0,False,False,-5.547678772675995,122.31833910034601
300523.SZ,辰安科技,23.52,73876.2,173.7568224,0.0,0,0.0,0.0,0,0.0,0.0,0,0.0,0.0,3,-155.27003274362582,False,False,False,True,False,False,0,0,1,0,True,False,-147.19020506411144,42.76397609730933
300568.SZ,星源材质,15.38,1219286.07,1875.2619756600004,0.0,0,0.0,0.0,0,0.0,0.0,0,0.0,0.0,2,-137.54039887492956,False,False,False,True,False,False,0,0,0,0,False,False,-0.6213936972924191,76.28923268427137
300605.SZ,恒锋信息,16.41,214803.94,352.49326554,0.0,0,0.0,0.0,0,0.0,0.0,0,0.0,0.0,3,-200.00000000000003,False,False,False,True,False,False,0,0,1,0,True,False,-202.84351071607207,67.84460431654686
300560.SZ,中富通,19.04,317473.0,604.468592,0.0,0,0.0,0.0,0,0.0,0.0,0,0.0,0.0,2,-200.0,False,False,False,True,False,False,0,0,0,0,False,False,5.063514467184278,104.67114722305814
300619.SZ,金银河,44.63,250530.91,1118.1194513300002,0.0,0,0.0,0.0,0,0.0,0.0,0,0.0,0.0,2,-186.99738189384158,False,False,False,True,False,False,0,0,0,0,False,False,-63.51020408163248,67.27974208551353
300627.SZ,华测导航,31.78,230857.15,733.6640227,0.0,0,0.0,0.0,2,200.00000000000003,0.0,0,0.0,0.0,0,0.0,False,True,False,False,False,False,0,0,0,0,False,False,32.8172043010753,-65.30738337967244
300632.SZ,光莆股份,14.43,232039.73,334.83333039,0.0,0,0.0,0.0,0,0.0,0.0,2,-133.9022455368606,0.0,2,-200.0,False,False,False,True,False,False,0,0,0,0,False,False,-93.46020238634661,126.90058479532166
300623.SZ,捷捷微电,26.55,118487.16,314.5834098,86.17953633438273,0,0.0,200.0,2,200.0,0.0,0,0.0,0.0,0,0.0,False,True,False,False,False,False,0,1,1,0,True,True,-115.60115759010861,-108.22199383350473
300612.SZ,宣亚国际,16.38,145339.22,238.06564236,0.0,0,0.0,0.0,0,0.0,0.0,0,0.0,0.0,3,-184.56140385799213,False,False,False,True,False,False,0,0,0,0,False,False,-97.94823725459564,37.25283804737805
300620.SZ,光库科技,174.12,325502.74,5667.65370888,0.0,0,0.0,0.0,0,0.0,0.0,3,-137.87648714829118,-128.78566532005357,2,-128.78566532005357,False,False,True,True,False,True,0,0,0,0,False,False,107.77087553177755,201.44727382428596
300626.SZ,华瑞股份,12.35,92758.0,114.55613000000001,92.42570598312014,0,0.0,0.0,0,0.0,0.0,0,0.0,0.0,2,-154.88495744141943,False,False,False,True,False,False,0,0,1,0,True,False,-175.96613912403362,23.332076217157866
300658.SZ,延江股份,11.88,181894.62,216.09080856,0.0,0,0.0,0.0,0,0.0,0.0,0,0.0,0.0,4,-200.0,False,False,False,True,False,False,0,0,0,0,False,False,30.47536231884071,135.5516938061832
300659.SZ,中孚信息,16.88,447140.87,754.77378856,0.0,0,0.0,0.0,0,0.0,0.0,0,0.0,0.0,2,-193.5569405272135,False,False,False,True,False,False,0,0,0,0,False,False,-90.53748342304367,92.24023538914223
300667.SZ,必创科技,17.48,144790.01,253.09293748000005,0.0,0,0.0,0.0,0,0.0,-105.2352647502864,2,-105.2352647502864,-200.00000000000003,2,-200.00000000000003,False,False,False,True,False,False,0,0,0,0,False,False,111.89313576920885,184.8660034059331
300672.SZ,国科微,101.91,86525.51,881.7814724099999,0.0,0,0.0,0.0,0,0.0,0.0,0,0.0,0.0,2,-200.0,False,False,False,True,False,False,0,0,0,0,False,False,69.97623896809257,129.2905271502177
300687.SZ,赛意信息,22.1,85651.0,189.28871,0.0,0,0.0,0.0,3,190.69644030336966,0.0,0,0.0,0.0,0,0.0,False,True,False,False,False,False,0,0,0,1,False,True,-65.62339284402312,-114.45224654642261
300736.SZ,百邦科技,21.89,106432.2,232.9800858,0.0,0,0.0,0.0,0,0.0,0.0,0,0.0,-109.21297379502198,4,-109.21297379502198,False,False,False,True,False,False,0,0,0,0,False,False,93.53166553977947,129.95904537647942
300710.SZ,万隆光电,25.73,150429.16,387.05422868000005,0.0,0,0.0,0.0,0,0.0,0.0,2,-121.27041224555629,0.0,2,-122.56990973504676,False,False,False,True,False,False,0,0,0,0,False,False,13.037060891501227,88.23384036480758
300735.SZ,光弘科技,24.94,109717.18,273.63464692,114.4247037441891,3,114.4247037441891,0.0,0,0.0,0.0,0,0.0,0.0,0,0.0,True,False,False,False,False,False,1,0,0,1,True,True,-105.00214028007139,-143.7820942174594
300749.SZ,顶固集创,11.21,115262.0,129.208702,0.0,0,0.0,0.0,0,0.0,0.0,2,-143.4974414745241,0.0,2,-188.7513560915433,False,False,False,True,False,False,0,0,0,0,False,False,12.580735748385159,131.70818823109195
300751.SZ,迈为股份,182.79,171949.77,3143.06984583,0.0,0,0.0,0.0,0,0.0,0.0,0,0.0,-162.43877029763988,3,-162.43877029763988,False,False,False,True,False,False,0,0,0,0,False,False,149.13194582430577,301.93099049421807
300774.SZ,倍杰特,18.14,202007.65,366.4418771,0.0,0,0.0,0.0,0,0.0,0.0,0,0.0,0.0,2,-200.0,False,False,False,True,False,False,0,0,0,0,False,False,-56.18015292832542,66.74682239780147
300720.SZ,海川智能,30.2,148142.3,447.389746,0.0,0,0.0,0.0,0,0.0,0.0,1,-100.77774804422769,-200.0,2,-200.0,False,False,False,True,False,False,0,0,0,0,False,False,39.63838490300879,147.01829884016124
300785.SZ,值得买,39.97,98443.5,393.47866949999997,0.0,0,0.0,0.0,0,0.0,0.0,0,0.0,0.0,2,-157.36064253998865,False,False,False,True,False,False,0,0,0,0,False,False,-90.05396330495252,37.7210963420047
300766.SZ,每日互动,31.89,100019.53,318.96228117,112.91014506117989,3,112.91014506117989,61.90809075651874,0,0.0,0.0,0,0.0,0.0,0,0.0,True,False,False,False,False,False,2,0,1,1,True,True,-133.17713214620446,-111.44494347220075
300779.SZ,惠城环保,138.76,56815.09,788.3661888399998,0.0,0,0.0,0.0,2,118.64388040512137,0.0,0,0.0,0.0,0,0.0,False,True,False,False,False,False,0,1,0,1,False,True,37.29938726694861,-94.34228014838611
300760.SZ,迈瑞医疗,199.82,112033.42,2238.65179844,0.0,0,0.0,0.0,2,199.99999999999997,0.0,0,0.0,0.0,0,0.0,False,True,False,False,False,False,0,1,0,1,False,True,-13.528014307450777,-87.86173995229322
300814.SZ,中富电路,74.72,92095.89,688.14049008,0.0,0,0.0,0.0,0,0.0,0.0,0,0.0,0.0,2,-200.0,False,False,False,True,False,False,0,0,1,0,True,False,-137.22002037132287,77.53508702635807
300818.SZ,耐普矿机,35.03,33875.9,118.6672777,0.0,0,0.0,0.0,0,0.0,0.0,0,0.0,-200.0,2,-200.0,False,False,False,True,False,False,0,0,0,0,False,False,72.98666666666654,139.2443763056206
300821.SZ,东岳硅材,11.86,442446.8,524.7419047999999,0.0,0,0.0,0.0,0,0.0,0.0,0,0.0,0.0,2,-128.93244920606313,False,False,False,True,False,False,0,0,1,0,True,False,-148.39105870793412,48.7288597926896
300832.SZ,新产业,58.28,32380.4,188.7129712,186.3934013244459,3,186.3934013244459,0.0,0,0.0,0.0,0,0.0,0.0,0,0.0,True,False,False,False,False,False,0,0,1,1,True,True,-123.66450015474996,-120.94939838470435
300846.SZ,首都在线,18.73,110675.31,207.29485563,111.10634197862649,3,111.10634197862649,0.0,0,0.0,0.0,0,0.0,0.0,0,0.0,True,False,False,False,False,False,1,0,0,1,True,True,-109.27851291745402,-135.9668774165712
300896.SZ,爱美客,139.45,30597.28,426.67906959999993,117.98825488402741,2,117.98825488402741,200.0,4,200.0,0.0,0,0.0,0.0,0,0.0,False,True,False,False,False,False,0,1,1,1,True,True,-146.81723128398193,-111.13453991682799
300909.SZ,汇创达,42.6,28487.93,121.3585818,0.0,0,0.0,0.0,0,0.0,0.0,1,-100.09575703916273,0.0,4,-200.0,False,False,False,True,False,False,0,0,0,0,False,False,-90.21189120809612,88.50019600156818
300939.SZ,秋田微,36.3,68006.44,246.8633772,0.0,0,0.0,0.0,0,0.0,-151.6669668629572,3,-151.6669668629572,0.0,0,0.0,False,False,True,False,False,False,0,0,0,1,False,True,133.27434419269798,126.90409497132201
300918.SZ,南山智尚,15.54,140642.28,218.55810312,142.05242248158982,3,142.05242248158982,131.7856949055323,1,131.7856949055323,0.0,0,0.0,0.0,0,0.0,True,False,False,False,False,False,1,0,2,1,True,True,-165.11759335738836,-133.92016060535866
300938.SZ,信测标准,34.47,61494.35,211.97102445000002,0.0,0,0.0,0.0,0,0.0,0.0,0,0.0,-158.6026428190969,2,-158.6026428190969,False,False,False,True,False,False,0,0,0,0,False,False,68.44377653737875,116.4736214260976
300978.SZ,东箭科技,12.23,162160.08,198.32177783999998,0.0,0,0.0,0.0,0,0.0,0.0,0,0.0,0.0,3,-200.0,False,False,False,True,False,False,0,0,0,0,False,False,36.48054145516136,118.42622950819678
300979.SZ,华利集团,59.81,33805.24,202.18914044,0.0,0,0.0,0.0,0,0.0,0.0,0,0.0,0.0,2,-200.0,False,False,False,True,False,False,0,0,0,0,False,False,-30.09285051067759,53.793243483337
301005.SZ,超捷股份,96.78,335614.18,3248.07403404,0.0,0,0.0,0.0,0,0.0,-101.4626463986336,1,-101.4626463986336,-184.09479713255362,3,-184.09479713255362,False,False,False,True,False,False,0,0,0,0,False,False,188.13841083148372,286.9666712892341
301028.SZ,东亚机械,15.25,232737.1,354.9240775,0.0,0,0.0,0.0,0,0.0,-135.98777567239588,4,-135.98777567239588,0.0,0,0.0,False,False,True,False,False,False,0,0,0,0,False,False,90.41095890410934,162.79011008843165
301046.SZ,能辉科技,31.16,117464.22,366.01850952,0.0,0,0.0,0.0,0,0.0,0.0,2,-121.49230751401373,-190.4991706602128,3,-190.4991706602128,False,False,False,True,False,False,0,0,0,0,False,False,96.72505712109681,146.3053854162443
301019.SZ,宁波色母,26.74,68883.45,184.19434529999998,0.0,0,0.0,0.0,0,0.0,0.0,0,0.0,0.0,4,-200.0,False,False,False,True,False,False,0,0,0,0,False,False,13.625219205292542,141.84012214540374
301039.SZ,中集车辆,10.44,239542.79,250.08267275999998,0.0,0,0.0,0.0,0,0.0,-200.0,1,-200.0,-147.93864824408362,2,-147.93864824408362,False,False,False,True,False,False,0,0,0,0,False,False,210.23489932885923,166.15988229524245
301078.SZ,孩子王,9.65,270548.86,261.0796499,0.0,2,145.78365297910892,200.0,3,200.0,0.0,0,0.0,0.0,0,0.0,False,True,False,False,False,False,1,1,1,1,True,True,-63.208699902249,-147.08576663231426
