symbol,price,volume,turnover,signals,smile_long_daily,smile_short_daily,blue_days,smile_long_weekly,smile_short_weekly,blue_weeks,gold_vol_count,double_vol_count,pink_daily,blue_daily,max_blue_daily,pink_weekly,blue_weekly,max_blue_weekly,vol_times,vol_color,DIF,DEA,MACD,EMAMACD,V1,V2,V3,V4,补血,失血,零轴下金叉,零轴上金叉,零轴上死叉,零轴下死叉,先机信号,底背离,顶背离,next_week_close,next_week_high,next_week_low,price_change_pct,max_gain_pct,max_drawdown_pct,next_week_avg_volume,volume_change_pct
ACRE,5.95,581867.0,3462108.65,", , 日BLUE>150(3天), 周PINK上穿10, , , , 倍量柱(1次)",False,False,3,True,False,0,0,1,6.835663689723225,0.0,199.63187231956536,5.372016033119445,141.56496252627304,141.56496252627304,0.7276593775714633,2,-0.3598165678344536,-0.22925270861107946,-0.26112771844674826,-0.28783183986709626,0.05797560975609756,-0.005647391374473842,-0.005117687664068718,-5.826740814456372e-05,1,0,0,0,0,0,0,0,0,5.71,6.205,5.69,-4.033613445378159,4.285714285714293,-4.369747899159659,534930.6,-8.06651691881478
ADBE,441.0,2451308.0,1081026828.0,"日PINK上穿10, , , 周PINK上穿10, , , , ",True,False,0,True,False,0,0,0,8.537031415679415,0.0,113.49451462822556,3.408294578388463,0.0,105.27284920654941,1.101889743958573,2,-23.618144959874883,-19.342279823581524,-8.551730272586717,-14.337305739387471,4.323609756097561,-0.3388476880053144,-0.3563048446011251,0.001920287225539178,1,0,0,0,0,0,0,0,0,419.58,450.12,415.51,-4.857142857142859,2.068027210884349,-5.7800453514739285,3881312.8,58.336398363649124
ADNT,16.75,794409.0,13306350.75,", , 日BLUE>150(4天), , , 周BLUE>150(4周), , 倍量柱(1次)",False,False,4,False,False,4,0,1,11.00458050230105,0.0,200.0,2.3723103083499493,0.0,181.9334050607092,1.5996733835809804,2,-0.9210993840492918,-0.8623393692824144,-0.11752002953375484,-0.21952295849240405,0.1649512195121951,-0.01413515650837513,-0.01472526606588385,6.491205132595918e-05,0,1,0,0,0,0,0,0,0,17.02,17.98,16.28,1.6119402985074638,7.343283582089555,-2.8059701492537226,943426.6,18.758297048497695
AGGH,20.54,168171.0,3454232.34,", , , , , 周BLUE>150(2周), 黄金柱(1次), 倍量柱(2次)",False,False,0,False,False,2,1,2,34.939228354743825,0.0,129.60393215667747,10.459331748969204,0.0,200.0,2.0651963011629477,3,-0.12549013942976117,-0.09861661577961958,-0.05374704730028318,-0.09016228994596477,0.20065853658536584,-0.0019539851923654206,-0.002178339211588617,2.4678942114551597e-05,1,0,0,0,0,0,0,0,0,20.52,20.69,20.31,-0.09737098344693162,0.7302823758519983,-1.1197663096397248,85328.0,-49.2611686913915
AGQI,13.36,6465.0,86372.4,"日PINK上穿10, , , 周PINK上穿10, , , , 倍量柱(1次)",True,False,1,True,False,0,0,1,6.817079314608307,0.0,158.49396494121999,3.756347754301469,0.0,134.4473852770457,0.6040362515182659,1,-0.2263880335557964,-0.16906884736706446,-0.11463837237746388,-0.12176038553363429,0.13058560975609756,-0.003557267383221374,-0.0033549360554136695,-2.225644605884751e-05,1,0,0,0,0,0,0,0,0,13.553,13.66,13.35,1.444610778443134,2.2455089820359264,-0.07485029940119681,6823.4,5.543696829079647
AHH,10.08,393125.0,3962700.0,", , 日BLUE>150(4天), 周PINK上穿10, , , , 倍量柱(1次)",False,False,4,True,False,1,0,1,17.260395565445393,0.0,189.23921701303445,5.648046057034414,0.0,164.32506979382038,0.5411367140182799,2,-0.3081662869595192,-0.23720765305523514,-0.14191726780856811,-0.18338577132762457,0.09860975609756098,-0.004821676158475327,-0.004803712252148604,-1.9760296959395358e-06,1,0,0,0,0,0,0,0,0,9.82,10.26,9.715,-2.5793650793650813,1.7857142857142794,-3.6210317460317443,579348.6,47.37007313195547
AIYY,8.6,505902.0,4350757.2,"日PINK上穿10, , , 周PINK上穿10, , , , 倍量柱(1次)",True,False,0,True,False,0,0,1,9.632426513400251,0.0,100.90112620902804,8.958535870134956,0.0,147.1239064808007,1.114392769582198,1,-0.4856571195531174,-0.17225754659522552,-0.6267991459157838,-0.6816902887176917,0.08385365853658537,-0.007448934810296709,-0.006512637568958405,-0.00010299269654721348,1,0,0,0,0,0,0,0,0,8.34,9.29,8.27,-3.023255813953485,8.02325581395349,-3.8372093023255838,653262.4,29.12825013540172
AMDL,7.64,8205820.0,62692464.8,"日PINK上穿10, , 日BLUE>150(3天), , , 周BLUE>150(2周), , ",True,False,3,False,False,2,0,0,7.724853710855465,0.0,181.91477019187272,3.2164612467398683,0.0,200.0,0.9163340518475993,1,-0.9060770566467422,-0.9720778099434806,0.13200150659347676,0.0821094544341903,0.07490243902439024,-0.014360758146767696,-0.01484319117418035,5.306763301539182e-05,0,1,0,0,0,0,0,0,0,7.73,9.0683,7.48,1.178010471204205,18.695026178010487,-2.094240837696326,12572235.8,53.21120619267789
BC,63.74,520976.0,33207010.240000002,", , 日BLUE>150(4天), , , 周BLUE>150(2周), , ",False,False,4,False,False,2,0,0,4.768433222291654,0.0,167.7226067488765,-2.1403876961419126,0.0,185.8196684949959,0.7101025947880703,2,-5.147350888832449,-4.386469117688218,-1.5217635422884612,-2.1767566738349915,0.627670731707317,-0.0776395586730757,-0.07832578402121906,7.54847882957696e-05,1,0,0,0,0,0,1,0,0,65.14,67.53,63.15,2.1964229683087533,5.946030749921549,-0.9256353937872608,630322.2,20.98872116949724
BCE,23.26,2848930.0,66266111.800000004,", , 日BLUE>150(5天), , , 周BLUE>150(5周), , 倍量柱(1次)",False,False,5,False,False,5,0,1,13.743876802804916,0.0,200.0,4.305350574073112,0.0,200.0,0.7534882416976727,2,-1.570042261706039,-1.6834401788295315,0.2267958342469849,-0.09322233865406918,0.22739024390243903,-0.024538117520031932,-0.027566527160867826,0.00033312506049194834,1,0,0,0,0,0,0,0,0,23.63,24.18,23.09,1.5907136715391124,3.9552880481513286,-0.7308684436801438,3343512.2,17.360279122337175
BILD,24.0548,105.0,2525.754,", , 日BLUE>150(5天), , , 周BLUE>150(2周), , 倍量柱(2次)",False,False,5,False,False,2,0,2,0.8266379369928398,0.0,200.00000000000003,-2.925721506039145,169.23063732012207,169.23063732012207,1.0194174757281553,1,-0.7041394064047601,-0.5791619408265628,-0.24995493115639467,-0.35214482177145146,0.23479121951219512,-0.010793265820232184,-0.010928193815437129,1.484207947254389e-05,1,0,0,0,0,0,1,0,0,23.7521,24.1462,23.7521,-1.2583767065201146,0.37996574488252666,-1.2583767065201146,57.8,-44.952380952380956
BIIB,150.0,1082938.0,162440700.0,", , 日BLUE>150(3天), , , 周BLUE>150(5周), , ",False,False,3,False,False,5,0,0,19.013518845766107,0.0,200.0,5.02274514912597,0.0,200.0,0.9655373482847134,2,-3.977629289043108,-5.401909450214415,2.848560322342614,2.102468136360614,1.4730731707317075,-0.06453702210553458,-0.07865079779343367,0.0015525153256689002,0,1,0,0,0,0,0,0,0,150.75,156.37,149.73,0.49999999999998934,4.246666666666665,-0.18000000000000238,1128204.0,4.17992535122047
BRAZ,19.6751,1202.0,23649.4702,", , 日BLUE>150(3天), , , 周BLUE>150(5周), , 倍量柱(3次)",False,False,3,False,False,5,0,3,3.43028782003005,0.0,200.0,1.5338058200021851,200.0,200.0,5.513761467889908,1,-0.9503860030152609,-0.8933351153660287,-0.11410177529846433,-0.1824781420311766,0.1916958536585366,-0.015150559835071159,-0.015179773914383174,3.213548724321641e-06,1,0,0,0,0,0,1,0,0,19.895,20.1221,19.5159,1.1176563270326456,2.2719071313487493,-0.8091445532678487,972.2,-19.118136439267886
BRZU,42.29,116992.0,4947591.68,", , 日BLUE>150(4天), , , 周BLUE>150(4周), , 倍量柱(1次)",False,False,4,False,False,4,0,1,3.5258510750600727,163.22613784523153,166.37087668613506,1.1398185283304063,192.79004981195592,192.79004981195592,0.6831131067422619,2,-4.892968752476001,-4.74009438019735,-0.3057487445573024,-0.9441070225153775,0.40943902439024393,-0.07705062979262611,-0.0801627435494155,0.0003423325132468319,1,0,0,0,0,0,0,0,0,42.77,44.6965,40.61,1.1350200993142767,5.690470560416183,-3.972570347599902,98464.8,-15.836296498905911
BUXX,20.26,97443.0,1974195.1800000002,"日PINK上穿10, , , 周PINK上穿10, , , , 倍量柱(2次)",True,False,0,True,False,0,0,2,5.131089493975194,113.26771987359322,113.26771987359322,9.961584226387307,0.0,0.0,0.8746656373983448,1,-0.011867822466328448,0.0008207823906298925,-0.02537720971391668,-0.007341368823739862,0.19770731707317074,-0.0002576555557287641,-6.188184994917093e-05,-2.1535107635755248e-05,0,1,0,0,0,0,0,0,0,20.29,20.32,20.26,0.14807502467915068,0.29615004935834577,0.0,132952.6,36.441406771138006
BWA,31.32,1946883.0,60976375.56,"日PINK上穿10, , , 周PINK上穿10, , , , ",True,False,2,True,False,0,0,0,5.896601157566192,164.94136300470447,164.94136300470447,2.7338442283080724,0.0,0.0,1.3134850464874814,2,-0.8988669850333153,-0.6663241271775173,-0.46508571571159596,-0.5377070894832762,0.3072682926829268,-0.013469491031561642,-0.012928772171452461,-5.9479074612009893e-05,0,1,0,0,0,0,0,0,0,31.54,32.71,30.71,0.7024265644955285,4.438058748403573,-1.9476372924648766,1749406.4,-10.143218673130338
BWG,8.05,57972.0,466674.60000000003,", , 日BLUE>150(3天), , , 周BLUE>150(2周), , 倍量柱(1次)",False,False,3,False,False,2,0,1,12.40781135381133,0.0,184.40167125848802,16.716562124252672,0.0,200.0,0.6765553701261569,2,-0.16461294165063123,-0.11785766592051426,-0.09351055146023393,-0.11253901890431531,0.0785609756097561,-0.002596008212163159,-0.002526273427600443,-7.670826301898774e-06,1,0,0,0,0,0,0,0,0,8.04,8.1499,7.98,-0.12422360248449671,1.2409937888198774,-0.8695652173913104,62665.2,8.09563237424964
CCRN,18.17,842940.0,15316219.8,", , , , , 周BLUE>150(3周), , 倍量柱(3次)",False,False,0,False,False,3,0,3,98.12210206416235,0.0,0.0,104.31369475455605,0.0,159.5555437715048,3.349040111880999,2,1.4370496101136432,1.7405384170968514,-0.6069776139664165,-0.4031251985385751,0.17687804878048782,0.02070844025199431,0.02289139587007378,-0.00024012511798874168,0,1,0,0,0,0,0,0,0,18.24,18.3,18.0,0.38525041276828986,0.7154650522839701,-0.9356081452944531,658991.6,-21.822241203407124
CGIE,27.47,155450.0,4270211.5,"日PINK上穿10, , , 周PINK上穿10, , , , 倍量柱(1次)",True,False,0,True,False,0,0,1,8.401419219828629,0.0,128.769559191812,8.312302164117586,0.0,0.0,0.7531163854289299,1,-0.40394241006895015,-0.29304514511458796,-0.2217945299087244,-0.240431737956965,0.26814634146341465,-0.006514347512306284,-0.006182248590799914,-3.653088136570077e-05,1,0,0,0,0,0,0,0,0,27.695,28.03,27.37,0.8190753549326635,2.038587550054616,-0.36403349108117267,136591.0,-12.131875201029274
CRAK,27.7521,13869.0,384893.8749,", , 日BLUE>150(3天), , , 周BLUE>150(5周), , 倍量柱(1次)",False,False,3,False,False,5,0,1,15.755265441128817,0.0,163.76944330945054,4.4125827236845545,0.0,199.99999999999997,0.49874136939010355,2,-1.330200446511114,-1.1449766390374763,-0.3704476149472753,-0.6395709218761967,0.2707180487804878,-0.020325141339009867,-0.021475727183526465,0.00012656444289682578,1,0,0,0,0,0,0,0,0,28.0384,28.4299,27.6,1.031633642138785,2.4423376969670896,-0.548066632795341,10671.2,-23.057177878722324
CRAK,27.7521,13869.0,384893.8749,", , 日BLUE>150(3天), , , 周BLUE>150(5周), , 倍量柱(1次)",False,False,3,False,False,5,0,1,15.755265441128817,0.0,163.76944330945054,4.4125827236845545,0.0,199.99999999999997,0.49874136939010355,2,-1.330200446511114,-1.1449766390374763,-0.3704476149472753,-0.6395709218761967,0.2707180487804878,-0.020325141339009867,-0.021475727183526465,0.00012656444289682578,1,0,0,0,0,0,0,0,0,28.0384,28.4299,27.6,1.031633642138785,2.4423376969670896,-0.548066632795341,10671.2,-23.057177878722324
CRML,6.55,51724.0,338792.2,", , , , , 周BLUE>150(3周), , 倍量柱(1次)",False,False,0,False,False,3,0,1,29.540310089398567,0.0,0.0,15.97220539880254,0.0,200.0,5.048213937146204,1,-0.048539700603125624,0.002837786353819414,-0.10275497391389007,-0.11550416562577266,0.06495146341463415,-0.0005057153045454899,-0.0004556292300395226,-5.509468195656395e-06,0,1,0,0,0,0,0,0,0,6.7,7.2799,6.5101,2.2900763358778775,11.143511450381682,-0.6091603053435035,41614.4,-19.54527878741009
CRIT,16.07,542.0,8709.94,", , 日BLUE>150(3天), 周PINK上穿10, , , 黄金柱(1次), 倍量柱(2次)",False,False,3,True,False,0,1,2,12.653565260002374,0.0,170.45553634038689,6.358331554486615,0.0,0.0,0.7002583979328165,2,-0.7338363544272255,-0.6117345127187058,-0.24420368341703935,-0.309011558257845,0.1567270731707317,-0.011352149643534315,-0.01120578013475391,-1.6100645965844584e-05,1,0,0,0,0,0,0,0,0,16.3808,16.57,16.04,1.9340385812072203,3.111387678904798,-0.18668326073429942,1025.6,89.2250922509225
CSAN,5.34,1463215.0,7813568.1,", , 日BLUE>150(3天), , , 周BLUE>150(8周), , 倍量柱(1次)",False,False,3,False,False,8,0,1,5.61171280657665,162.6653723518717,162.6653723518717,2.4187678883912884,200.0,200.0,1.7292251656881377,4,-0.5876911871686428,-0.6437615203889354,0.11214066644058529,0.060158570655091975,0.051829268292682924,-0.009400034173791691,-0.009906239805645912,5.5682619503964295e-05,1,0,0,0,0,0,0,0,0,5.4,5.79,5.09,1.1235955056179803,8.426966292134841,-4.681647940074907,1335134.6,-8.75335477014656
CUT,31.6442,1216.0,38479.347200000004,", , 日BLUE>150(3天), 周PINK上穿10, , , , 倍量柱(2次)",False,False,3,True,False,0,0,2,15.147957143348213,0.0,173.14859357301427,7.381001157572278,126.61439382364537,126.61439382364537,0.01749287913226113,2,-0.9553926953583058,-0.7167121764102937,-0.47736103789602424,-0.640566117841515,0.30929512195121955,-0.01442190734148835,-0.0142752361483049,-1.6133831250179434e-05,1,0,0,0,0,0,0,0,0,31.49,32.1761,31.318,-0.48729309004494903,1.68087674834565,-1.0308366146086767,3412.2,180.6085526315789
DEO,126.12,879332.0,110901351.84,", , , , , 周BLUE>150(2周), , 倍量柱(2次)",False,False,0,False,False,2,0,2,61.63754528516621,0.0,0.0,32.17996347275712,0.0,163.3767396256637,2.040980600596976,2,0.988352672324524,1.0272185664534348,-0.07773178825782168,0.43650495960157537,1.2316585365853658,0.009405858016730662,0.01152625834025035,-0.0002332440355871657,0,1,0,0,1,0,0,0,0,125.44,127.0,121.38,-0.539169045353638,0.6977481763399851,-3.7583254043767944,1059216.2,20.45691502185749
DIVP,25.0043,222.0,5550.9546,", , 日BLUE>150(3天), 周PINK上穿10, , , , 倍量柱(3次)",False,False,3,True,False,0,0,3,5.12361891484702,0.0,200.0,3.330543933054308,0.0,0.0,0.3255131964809384,1,-0.5270160534664363,-0.4314758081933205,-0.19108049054623166,-0.2400331159413167,0.2443729268292683,-0.008029338659266083,-0.007768347889702111,-2.870898465203697e-05,1,0,0,0,0,0,0,0,0,25.1557,25.32,24.99,0.6054958547129896,1.2625828357522462,-0.05719016329192028,2421.2,990.6306306306305
DMCY,24.78,1720.0,42621.6,", , 日BLUE>150(5天), 周PINK上穿10, , , , 倍量柱(1次)",False,False,5,True,False,0,0,1,1.3568258430959705,189.8557463914253,189.8557463914253,8.770020749220613,0.0,0.0,0.42208588957055215,2,-0.3725851891089178,-0.26093819843895066,-0.22329398133993428,-0.22095252124947418,0.24170731707317072,-0.006073005105490886,-0.005454582394131031,-6.802649824958406e-05,1,0,0,0,0,0,0,0,0,24.9846,25.095,24.72,0.8256658595641619,1.2711864406779627,-0.2421307506053405,901.2,-47.60465116279069
DNL,35.99,387035.0,13929389.65,", , , 周PINK上穿10, , , , 倍量柱(1次)",False,False,1,True,False,0,0,1,1.7337382339499912,154.6524345140579,154.6524345140579,4.647961276083288,0.0,0.0,9.4970922386082,4,-0.5103649723643073,-0.3028870459707127,-0.41495585278718927,-0.4118169619288343,0.3513848780487805,-0.008434912057371402,-0.007580661083392795,-9.396760713764676e-05,1,0,0,0,0,0,0,0,0,36.38,37.01,35.8701,1.0836343428730189,2.8341205890525023,-0.3331480966935252,152515.0,-60.594003126332254
DOGG,19.0056,28145.0,534912.6120000001,"日PINK上穿10, , , , , 周BLUE>150(3周), , 倍量柱(3次)",True,False,2,False,False,3,0,3,8.231178788934079,0.0,177.2810395840037,0.050179722174228836,0.0,200.0,2.759854873504609,1,-0.3194762817076615,-0.2970427557319356,-0.0448670519514518,-0.08672935996079496,0.18569804878048782,-0.004927440227059349,-0.005106091049240102,1.9651590439882827e-05,1,0,0,0,0,0,0,0,0,19.0957,19.29,18.95,0.4740708001852001,1.4964010607399825,-0.2925453550532531,24228.0,-13.917214425297564
DOW,39.55,7046357.0,278683419.34999996,"日PINK上穿10, , , , , 周BLUE>150(7周), , ",True,False,0,False,False,7,0,0,8.518247166318714,0.0,130.6140372751875,2.544185875019833,0.0,187.8526407204046,1.0849295432009805,3,-1.6144932004342607,-1.9027747276401266,0.5765630544117317,0.44048685651420594,0.3882926829268292,-0.025733368943657853,-0.028227683422715852,0.0002743745926963799,0,1,0,0,0,0,0,0,0,38.92,40.6,38.33,-1.5929203539822856,2.6548672566371723,-3.084702907711756,6528389.8,-7.350850943260467
DVDN,26.4398,271.0,7165.1858,", , 日BLUE>150(3天), , , 周BLUE>150(2周), , 倍量柱(2次)",False,False,3,False,False,2,0,2,12.80235981771711,0.0,190.89769915164527,4.34037938168131,0.0,177.46220683734717,6.948717948717949,1,-0.6314220843506284,-0.3912396822360509,-0.48036480422915506,-0.5359283236390735,0.2582180487804878,-0.010081927344213926,-0.009593688887146769,-5.370623027738726e-05,1,0,0,0,0,0,0,0,0,26.0361,26.7401,26.0361,-1.5268648023056164,1.135787713976666,-1.5268648023056164,1146.4,323.0258302583026
DWCR,27.755,12.0,333.06,", , 日BLUE>150(4天), , , 周BLUE>150(3周), 黄金柱(1次), 倍量柱(3次)",False,False,4,False,False,3,1,3,-0.595831996630962,190.67184034598918,190.67184034598918,-0.9806399140736355,164.72249224592125,164.72249224592125,6.0,2,-0.4433661935561517,-0.34018221869131504,-0.20636794972967332,-0.22019581950315245,0.270780487804878,-0.007251726493911259,-0.006907757179732299,-3.7836624559685614e-05,1,0,0,0,0,0,0,0,0,27.9438,28.1855,27.755,0.6802377949918892,1.5510718789407463,0.0,8.6,-28.333333333333332
DYLG,25.9492,816.0,21174.5472,", , , 周PINK上穿10, , , , 倍量柱(3次)",False,False,2,True,False,0,0,3,-3.1213213125178143,173.39139321577431,173.39139321577431,8.792809566371428,128.26649216692715,128.26649216692715,28.137931034482758,1,-1.0971219361698807,-0.3299328284910732,-1.534378215357615,-1.017051653787556,0.2535307317073171,-0.019757139030735504,-0.01192328811878159,-0.0008617236003149306,0,1,0,0,0,0,0,0,0,26.1017,26.1284,25.9492,0.5876867109583239,0.690580056417911,0.0,457.4,-43.94607843137255
ECML,31.7379,183.0,5808.0357,", , 日BLUE>150(4天), 周PINK上穿10, , , , 倍量柱(1次)",False,False,4,True,False,0,0,1,9.69989724681691,0.0,200.0,5.832429025227967,0.0,0.0,0.21453692848769051,1,-1.0739701759246785,-0.8654512010895072,-0.41703794967034247,-0.6447152567821761,0.3096380487804878,-0.015526615209953354,-0.015836827816582737,3.412338672923211e-05,1,0,0,0,0,0,1,0,0,31.9713,32.35,31.7379,0.7353983722930613,1.9286090131987343,0.0,376.4,105.68306010928961
EEA,8.14,26289.0,213992.46000000002,", , 日BLUE>150(3天), , , 周BLUE>150(3周), , 倍量柱(2次)",False,False,3,False,False,3,0,2,3.2101391882058197,186.55453508444788,186.55453508444788,3.832103364662207,170.86023637162555,170.94169124353414,0.5691614886661326,3,-0.17289357580660436,-0.09959169497899219,-0.14660376165522435,-0.12159956955276946,0.07939024390243901,-0.0029667819175726168,-0.002451921165998753,-5.663468267312501e-05,1,0,0,0,0,0,0,0,0,8.2472,8.32,8.07,1.3169533169532954,2.211302211302213,-0.8599508599508643,22905.6,-12.870021682072352
EELV,23.33,101367.0,2364892.11,", , , 周PINK上穿10, , , , 倍量柱(3次)",False,False,2,True,False,0,0,3,0.47281952910065017,176.28501535515124,176.28501535515124,6.836750054897631,0.0,0.0,2.166841238964537,2,-0.44699417272510544,-0.34283486194685836,-0.20831862155649417,-0.2292433008889955,0.22785365853658537,-0.007008058515460103,-0.0067028679219385354,-3.35709652873724e-05,1,0,0,0,0,0,0,0,0,23.3824,23.66,23.3,0.22460351478783558,1.4144877839691539,-0.1285897985426332,74749.0,-26.259038937721346
EGP,158.22,270502.0,42798826.44,"日PINK上穿10, , , 周PINK上穿10, , , , ",True,False,0,True,False,0,0,0,6.568159189616871,146.47623575839665,146.47623575839665,9.108358010388915,0.0,0.0,0.8292367399741267,2,-4.261779884551061,-3.60477878547536,-1.3140021981514014,-1.4753260316342474,1.5499878048780489,-0.06809431311090264,-0.06611498961003953,-0.00021772558509494167,0,1,0,0,0,0,0,0,0,158.71,162.77,157.14,0.30969536088991667,2.8757426368347883,-0.6825938566553003,314254.6,16.174593903187407
EIDO,18.77,359394.0,6745825.38,", , , 周PINK上穿10, , , , 倍量柱(2次)",False,False,0,True,False,0,0,2,17.351494723949685,0.0,138.38748426390148,7.4611936040577875,0.0,0.0,3.142270096350569,2,-0.627645372899142,-0.6078123767787483,-0.03966599224078737,-0.18581613541437222,0.18320731707317076,-0.009467651568166924,-0.010486891866005078,0.000112116432762197,1,0,0,0,0,0,0,0,0,18.36,18.99,18.35,-2.1843367075119913,1.172083111347888,-2.2376132125732417,459406.4,27.828066133547026
ELPC,5.2955,5710.0,30237.304999999997,", , , , , 周BLUE>150(5周), , 倍量柱(2次)",False,False,1,False,False,5,0,2,14.786329742128594,127.07742360195525,173.53430363136764,8.185260647090674,158.87183977073462,200.0,7.572944297082228,1,-0.1626146863516018,-0.1782712193277097,0.03131306595221578,0.0063704904569094846,0.05118658536585366,-0.002675384939184275,-0.0028139319118054796,1.5240166988332521e-05,1,0,0,0,0,0,0,0,0,5.295,5.43,5.1,-0.009441979038804504,2.539892361438967,-3.6918138041733606,6208.2,8.725043782837115
ELV,365.83,1190546.0,435537443.18,"日PINK上穿10, , , , , 周BLUE>150(4周), , 倍量柱(1次)",True,False,1,False,False,4,0,1,7.518473330714285,0.0,182.52561577034555,1.3555885940764227,0.0,181.297732785089,1.013637818766347,2,-12.369271781477892,-14.243237557801049,3.747931552646314,2.9355157768133884,3.5880853658536584,-0.20441778950227807,-0.22196831088246433,0.0019305573518204882,0,1,0,0,0,0,0,0,0,383.24,385.38,364.615,4.759041084656812,5.344012246125263,-0.33212147718885143,1306138.0,9.709158654936466
EMDM,20.4662,441.0,9025.5942,", , 日BLUE>150(3天), , , 周BLUE>150(3周), , 倍量柱(2次)",False,False,3,False,False,3,0,2,1.6737142092058146,0.0,200.0,-1.5306448439377525,200.0,200.0,0.46617336152219874,1,-0.6515449892365304,-0.5570676119486182,-0.18895475457582434,-0.2551686663505078,0.19967024390243904,-0.010189899686961823,-0.010161139967367692,-3.1635691553543593e-06,1,0,0,0,0,0,0,0,0,20.6336,21.09,20.4662,0.8179339594062363,3.0479522334385445,0.0,385.6,-12.56235827664398
EMSF,24.28,5417.0,131524.76,", , 日BLUE>150(4天), 周PINK上穿10, , , , 倍量柱(2次)",False,False,4,True,False,0,0,2,-0.044747692181632104,193.2002419801741,193.2002419801741,3.487916025995725,0.0,0.0,16.719135802469136,1,-0.7267743342261923,-0.5323047819618609,-0.38893910452866276,-0.4307359278546311,0.2370487804878049,-0.011383285758652217,-0.010785273013020394,-6.578140201950063e-05,1,0,0,0,0,0,0,0,0,24.1921,24.75,24.16,-0.36202635914333037,1.9357495881383802,-0.49423393739703725,7267.4,34.15912866900497
EVHY,52.4606,33.0,1731.1997999999999,", , 日BLUE>150(4天), , , 周BLUE>150(2周), , 倍量柱(2次)",False,False,4,False,False,2,0,2,16.297645930777847,0.0,200.0,20.36028357132853,0.0,188.15010383338984,0.01213235294117647,1,-0.40891647394058595,-0.28934999891877566,-0.23913295004362056,-0.31550091956546733,0.5118107317073171,-0.006103127830458188,-0.0062180255774657205,1.2638752170828555e-05,1,0,0,0,0,0,1,0,0,52.4655,52.5796,52.2901,0.00934034303838871,0.22683690236100507,-0.32500581388699157,307.0,830.3030303030303
EWL,45.85,513584.0,23547826.400000002,"日PINK上穿10, , , 周PINK上穿10, , , , 倍量柱(1次)",True,False,0,True,False,0,0,1,9.718989501641968,0.0,145.66644214325007,9.536063880093572,0.0,123.64472357522835,0.9272176465703071,2,-0.7093873008530522,-0.6870984749105344,-0.044577651885035596,-0.05820294448675238,0.4480978048780488,-0.011363677856746135,-0.0114842118425409,1.3258738437424075e-05,0,1,0,0,0,0,0,0,0,47.0,47.08,45.8,2.5081788440566966,2.682660850599783,-0.10905125408943173,506215.0,-1.4348188417084629
EWZS,9.31,267780.0,2493031.8000000003,", , , , , 周BLUE>150(2周), , 倍量柱(2次)",False,False,1,False,False,2,0,2,4.57975157902567,134.71036137272432,154.85849629515758,1.8559954905483735,154.60311931725676,154.60311931725676,2.3865672040854524,2,-0.637654344501609,-0.618013533320527,-0.039281622362163926,-0.12756970854100524,0.09046365853658536,-0.009954791466744842,-0.010339384423996697,4.23052252977041e-05,1,0,0,0,0,0,0,0,0,9.43,9.71,9.1101,1.2889366272824887,4.29645542427497,-2.147153598281437,243843.4,-8.938905071327207
FEMS,37.6906,14576.0,549378.1856000001,"日PINK上穿10, , , 周PINK上穿10, , , 黄金柱(1次), 倍量柱(1次)",True,False,0,True,False,0,1,1,6.357716747187492,0.0,95.58440795930741,4.22279313985728,0.0,0.0,0.2417728237791932,1,-0.5226818575511203,-0.3533038770898983,-0.338755960922444,-0.41685189071517986,0.3680746341463415,-0.0077582241144908415,-0.00754776467981123,-2.3150537814757254e-05,1,0,0,0,0,0,0,0,0,37.28,38.0099,37.04,-1.0893962950974556,0.8471608305519185,-1.7261598382620758,29268.8,100.801317233809
FEMS,37.6906,14576.0,549378.1856000001,"日PINK上穿10, , , 周PINK上穿10, , , 黄金柱(1次), 倍量柱(1次)",True,False,0,True,False,0,1,1,6.357716747187492,0.0,95.58440795930741,4.22279313985728,0.0,0.0,0.2417728237791932,1,-0.5226818575511203,-0.3533038770898983,-0.338755960922444,-0.41685189071517986,0.3680746341463415,-0.0077582241144908415,-0.00754776467981123,-2.3150537814757254e-05,1,0,0,0,0,0,0,0,0,37.28,38.0099,37.04,-1.0893962950974556,0.8471608305519185,-1.7261598382620758,29268.8,100.801317233809
FLEU,23.8281,11925.0,284150.09249999997,", , , 周PINK上穿10, , , , 倍量柱(2次)",False,False,0,True,False,0,0,2,4.4007189863600535,123.93684387912485,123.93684387912485,4.971802204785131,0.0,0.0,14.112426035502958,1,-0.3185944156589784,-0.21598503934449348,-0.20521875262896982,-0.1932105761259545,0.23255170731707317,-0.0051092101629886255,-0.004723257872023278,-4.245475200618822e-05,0,1,0,0,0,0,0,0,0,24.3595,24.485,23.72,2.2301400447370945,2.75682912191908,-0.45366604974799163,5365.4,-55.00712788259958
FLEE,27.6108,9477.0,261667.5516,", , , 周PINK上穿10, , , , 倍量柱(3次)",False,False,0,True,False,0,0,3,13.068584048793092,0.0,122.3065145573346,5.774717003873646,0.0,122.57223261245893,2.1831375259156878,2,-0.4511316529343077,-0.3321164939447738,-0.2380303179790677,-0.2605291862240241,0.26957951219512194,-0.0072622464817573285,-0.006972505397575591,-3.187151925999113e-05,1,0,0,0,0,0,0,0,0,28.015,28.22,27.55,1.4639199153954285,2.206383009546986,-0.22020368841177973,8120.4,-14.314656536878767
FLLA,17.105,37635.0,643746.675,", , 日BLUE>150(4天), , , 周BLUE>150(2周), , ",False,False,4,False,False,2,0,0,4.829540377784416,0.0,185.92687958366204,0.9105068897701625,160.78415309125756,160.78415309125756,1.1266277503367759,2,-0.7340388351775573,-0.6112011275579554,-0.24567541523920378,-0.32511139327777194,0.16626829268292684,-0.01167595136559127,-0.011593662359083653,-9.05179071583783e-06,1,0,0,0,0,0,0,0,0,17.1751,17.49,16.8,0.4098216895644491,2.250803858520878,-1.7831043554516257,21420.0,-43.08489438023116
FLSP,23.92,22062.0,527723.04,", , , , , 周BLUE>150(2周), , 倍量柱(3次)",False,False,0,False,False,2,0,3,54.213762681147585,0.0,106.12652026266593,53.32138943865432,0.0,200.0,2.6136713659519013,2,-0.08819898157242889,-0.07914072656558435,-0.01811651001368908,-0.07750971676558802,0.23346341463414633,-0.0009704582934857153,-0.0015519629755848122,6.396551503090066e-05,1,0,0,0,0,0,0,0,0,23.66,24.15,23.62,-1.0869565217391353,0.9615384615384581,-1.2541806020066937,31123.4,41.072432236424625
FTHM,1.5,101228.0,151842.0,"日PINK上穿10, , , 周PINK上穿10, , , , 倍量柱(2次)",True,False,0,True,False,0,0,2,8.108471533114352,0.0,60.93947453425609,7.9217606746495655,0.0,0.0,0.6377450733329973,3,-0.1814421951074241,-0.16106166069966701,-0.04076106881551417,-0.050773589762308335,0.014600243902439025,-0.0029686318791858624,-0.002909804473555314,-6.4710146193603085e-06,1,0,0,0,0,0,0,0,0,1.58,1.65,1.43,5.3333333333333455,9.999999999999986,-4.666666666666675,91684.4,-9.42782629312049
FUL,62.39,784243.0,48928920.77,", , , , , 周BLUE>150(4周), , 倍量柱(1次)",False,False,0,False,False,4,0,1,5.053068895814956,144.15543502668868,144.15543502668868,-0.1387676108270386,200.0,200.0,3.488268549036353,4,-3.5183359953403084,-2.45553305677056,-2.1256058771394963,-1.8457443535245954,0.6145121951219512,-0.05643508801327535,-0.048693751857101494,-0.0008515469771791239,0,1,0,0,0,0,0,0,0,63.19,65.46,61.71,1.2822567719185773,4.920660362237528,-1.0899182561307952,468604.4,-40.24755082289545
FXA,61.4127,7093.0,435600.2811,", , 日BLUE>150(5天), , , 周BLUE>150(4周), , 倍量柱(2次)",False,False,5,False,False,4,0,2,2.738869898681396,0.0,181.58676880517018,-0.29860132739625933,189.49789344802932,189.49789344802932,0.7566673778536377,2,-0.9479144095580239,-0.897859619063298,-0.10010958098945166,-0.17916637649042433,0.5993253658536585,-0.01491653201969656,-0.015162674611646084,2.7075685114447603e-05,1,0,0,0,0,0,1,0,0,61.54,62.04,61.318,0.2072861150869354,1.0214499606758798,-0.15420263235454978,13218.6,86.36120118426618
FXC,67.89,102778.0,6977598.42,"日PINK上穿10, , 日BLUE>150(3天), , , 周BLUE>150(6周), , 倍量柱(3次)",True,False,3,False,False,6,0,3,9.472284234342588,186.31867338162593,186.31867338162593,5.121111091455594,200.0,200.0,8.010131712259373,3,-0.5806714837928126,-0.6115553156117867,0.061767663637948056,-0.025688508577284466,0.6618536585365854,-0.009288509707990777,-0.009870105988029277,6.397559080423494e-05,1,0,0,0,0,0,0,0,0,67.945,68.27,67.55,0.08101340403592339,0.5597289733392241,-0.5008101340403637,86220.8,-16.109673276382097
FXF,97.2936,33123.0,3222655.9128,", , , 周PINK上穿10, , , , 倍量柱(2次)",False,False,0,True,False,0,0,2,1.5963732811965543,112.34469744797214,112.34469744797214,9.973441663081774,0.0,0.0,4.23351226993865,2,-1.0191303630430895,-0.7964717075093625,-0.445317311067454,-0.32481125700033053,0.9501273170731707,-0.017087096711838612,-0.015113640971616268,-0.00021708013142445785,0,1,0,0,0,0,0,0,0,97.4594,98.22,97.24,0.17041203121275217,0.9521695157749255,-0.055090982346217565,13061.0,-60.56818524892069
GGB,2.88,6297979.0,18138179.52,", , 日BLUE>150(5天), , , 周BLUE>150(2周), , 倍量柱(1次)",False,False,5,False,False,2,0,1,2.7527387021423015,188.83291965643465,188.9102230086158,0.7968731881947573,185.20441815369955,185.20441815369955,1.6458032921402048,1,-0.17537153542030115,-0.11293805315664406,-0.12486696452731419,-0.1384467080288529,0.028109756097560976,-0.0026983349869852333,-0.0024769470469981217,-2.435267339858227e-05,1,0,0,0,0,0,0,0,0,2.84,2.99,2.79,-1.388888888888895,3.819444444444464,-3.125,6817888.2,8.255175191914743
GGB,2.88,6297979.0,18138179.52,", , 日BLUE>150(5天), , , 周BLUE>150(2周), , 倍量柱(1次)",False,False,5,False,False,2,0,1,2.7527387021423015,188.83291965643465,188.9102230086158,0.7968731881947573,185.20441815369955,185.20441815369955,1.6458032921402048,1,-0.17537153542030115,-0.11293805315664406,-0.12486696452731419,-0.1384467080288529,0.028109756097560976,-0.0026983349869852333,-0.0024769470469981217,-2.435267339858227e-05,1,0,0,0,0,0,0,0,0,2.84,2.99,2.79,-1.388888888888895,3.819444444444464,-3.125,6817888.2,8.255175191914743
GMAB,21.0,1008216.0,21172536.0,", , , , , 周BLUE>150(5周), , 倍量柱(1次)",False,False,0,False,False,5,0,1,31.428037087744734,0.0,0.0,9.428311246669947,0.0,188.35521137010082,2.064349684885564,2,-0.22508889631071938,-0.4048212276707867,0.35946466272013466,0.23937664379906082,0.2050487804878049,-0.0036078737852300036,-0.005342111550540834,0.00019076615418419138,1,0,0,0,0,0,0,0,0,22.19,22.275,20.87,5.666666666666664,6.071428571428572,-0.6190476190476191,853662.2,-15.329433375387813
GSID,54.0525,1112.0,60106.380000000005,", , , 周PINK上穿10, , , , 倍量柱(4次)",False,False,1,True,False,0,0,4,11.438968003516123,0.0,156.2511292940502,9.658298199672297,0.0,0.0,10.10909090909091,2,-0.7077890065223258,-0.5198142004071922,-0.37594961223026724,-0.44861615100552027,0.5271317073170732,-0.011274354776385609,-0.010841471539842312,-4.7617156019762703e-05,1,0,0,0,0,0,0,0,0,54.5698,54.7807,53.9665,0.9570325146847969,1.3472087322510484,-0.1591045742565078,1853.0,66.63669064748201
HBB,16.24,58618.0,951956.32,"日PINK上穿10, , , 周PINK上穿10, , , 黄金柱(1次), 倍量柱(1次)",True,False,0,True,False,0,1,1,8.366240572758796,0.0,103.6139240046546,8.643867049355398,0.0,0.0,0.320159484406576,2,-1.3825171654847814,-1.6499917951588148,0.5349492593480667,0.4754320749335783,0.1598780487804878,-0.02282954876018381,-0.024802647508373448,0.00021704086230086021,0,1,0,0,0,0,0,0,0,16.38,17.0599,16.037,0.8620689655172376,5.048645320197043,-1.2499999999999956,40745.0,-30.49063427616091
HF,20.34,6591.0,134060.94,", , 日BLUE>150(4天), 周PINK上穿10, , , , 倍量柱(2次)",False,False,4,True,False,1,0,2,-0.17473626348324034,200.00000000000003,200.00000000000003,-3.6560466370487656,179.58901552541866,179.58901552541866,1.7226868792472556,1,-0.9898121137304443,-0.5904847992611928,-0.798654628938503,-0.8164734461230709,0.19858536585365855,-0.015683283479467514,-0.014159586346337748,-0.00016760668464427416,1,0,0,0,0,0,0,0,0,20.3947,20.5199,20.34,0.26892822025565977,0.8844641101278361,0.0,2388.4,-63.7627067212866
HMC,28.43,1298921.0,36928324.03,", , 日BLUE>150(3天), , , 周BLUE>150(4周), , ",False,False,3,False,False,4,0,0,86.73323749724804,0.0,169.42879366848572,34.87119950199885,0.0,199.99999999999997,0.9091316949303202,2,0.6972249430695463,-0.14343015567771408,1.6813101974945208,1.535619563336259,0.2772239024390244,0.011259599883690075,0.00658066641878348,0.0005146826811397255,0,1,0,0,0,0,0,0,0,29.98,30.57,28.19,5.45198733731973,7.527259936686592,-0.844178684488206,1989988.0,53.203158621655966
HQH,16.23,533555.0,8659597.65,"日PINK上穿10, , , 周PINK上穿10, , , , ",True,False,0,True,False,0,0,0,9.065523760626043,0.0,109.09335435808312,7.372483627855754,0.0,120.84406829618057,0.8686991208075545,5,-0.4810179033792288,-0.4540194000065917,-0.05399700674527419,-0.09821014579331946,0.15814634146341464,-0.007539052504541066,-0.0076241207266326515,9.357504430074388e-06,1,0,0,0,0,0,1,0,0,16.72,16.84,16.05,3.019100431300048,3.758471965495991,-1.1090573012939031,302541.4,-43.29705466165624
HYLG,23.6865,208.0,4926.7919999999995,"日PINK上穿10, , , , , 周BLUE>150(2周), , 倍量柱(2次)",True,False,2,False,False,2,0,2,8.619099501331199,0.0,190.4635894608325,3.0892864855818742,0.0,160.83037002878285,0.9203539823008849,1,-0.40465110860069586,-0.4014190322701273,-0.00646415266113709,-0.04576914979392964,0.23119390243902435,-0.006352520927445593,-0.0065169991488330655,1.8092604352621986e-05,1,0,0,0,0,0,0,0,0,24.0227,24.0227,23.6865,1.4193739049669807,1.4193739049669807,0.0,768.8,269.6153846153846
IBAT,21.98,6236.0,137067.28,", , 日BLUE>150(3天), , , 周BLUE>150(2周), , 倍量柱(3次)",False,False,3,False,False,2,0,3,0.632414447239074,175.0499711821252,181.46381846645465,0.9899926096392786,200.0,200.0,18.07536231884058,1,-0.5231802174181688,-0.42535732100715623,-0.1956457928220251,-0.231491917260751,0.2146341463414634,-0.008183127052104527,-0.007976838399621202,-2.2691751773165746e-05,1,0,0,0,0,0,0,0,0,22.3478,22.82,21.98,1.6733393994540435,3.821656050955413,0.0,2060.2,-66.96279666452854
IFN,16.04,176110.0,2824804.4,", , 日BLUE>150(4天), , , 周BLUE>150(2周), , ",False,False,4,False,False,2,0,0,8.162236956857129,0.0,179.43508007210613,2.820583006462961,0.0,175.80570087268353,0.4776019829797851,2,-0.5393308396680432,-0.45354786451381385,-0.17156595030845867,-0.24679391853542548,0.1564390243902439,-0.008386896067926752,-0.008568381169175437,1.9963361137355363e-05,1,0,0,0,0,0,1,0,0,16.19,16.22,15.95,0.9351620947630979,1.122194513715713,-0.5610972568578565,207319.8,17.721764806087094
IGT,17.42,892952.0,15555223.840000002,", , 日BLUE>150(6天), , , 周BLUE>150(3周), , 倍量柱(1次)",False,False,6,False,False,3,0,1,15.074120009410237,0.0,183.39115461379475,5.3975082335337135,0.0,200.0,1.1433868863248444,2,-0.7614884424891848,-0.8016261907167307,0.0802754964550918,-0.13813888901733612,0.1708170731707317,-0.011339886295109236,-0.013160712430457598,0.00020029087488831983,1,0,1,0,0,0,0,0,0,17.71,17.96,17.2,1.6647531572904661,3.0998851894374235,-1.2629161882893314,951496.2,6.556253863589534
IGTR,24.4967,19135.0,468744.3545,"日PINK上穿10, , , 周PINK上穿10, , , , 倍量柱(2次)",True,False,0,True,False,0,0,2,4.375799431728979,99.62970327469435,100.3107350253849,5.3354107052558986,147.5432448682319,147.5432448682319,1.0371835871862973,1,-0.37984844369720605,-0.2331057659231392,-0.2934853555481337,-0.126453777826044,0.23932414634146343,-0.007075164894446567,-0.0051028059164644375,-0.00021695948757803428,0,1,0,0,0,0,0,0,0,24.6865,25.12,24.39,0.7747982381300256,2.544424351035035,-0.4355688725420137,24477.0,27.91742879540109
ILF,21.12,1191424.0,25162874.880000003,", , , , , 周BLUE>150(2周), , 倍量柱(2次)",False,False,0,False,False,2,0,2,3.642655781138832,0.0,99.52608349087454,-0.5561685705731336,176.89541064347677,176.89541064347677,2.114542198589742,2,-0.9777334885509639,-0.9213697621478538,-0.1127274528062201,-0.2847180830578029,0.20561146341463415,-0.01505434228824365,-0.015886609305962425,9.15493719490653e-05,1,0,0,0,0,0,0,0,0,21.32,21.63,20.8357,0.9469696969697017,2.414772727272707,-1.3461174242424323,1030078.4,-13.542248603351958
INVH,31.43,2129222.0,66921447.46,"日PINK上穿10, , , 周PINK上穿10, , , , ",True,False,1,True,False,1,0,0,6.113551320756301,164.20024559815306,164.20024559815306,8.12700704961845,0.0,172.94588543492068,0.7620879820983474,2,-0.6258615648578356,-0.49107230436660737,-0.2695785209824565,-0.27704753233415064,0.30791463414634146,-0.009924019783072446,-0.009254663289554748,-7.362921428694683e-05,0,1,0,0,0,0,0,0,0,30.67,32.0,30.37,-2.418071905822461,1.8135539293668401,-3.3725739739102756,2470437.6,16.025365133367963
IPB,25.02,585.0,14636.699999999999,"日PINK上穿10, , , 周PINK上穿10, , , , 倍量柱(2次)",True,False,2,True,False,0,0,2,9.187692226602167,0.0,200.0,6.251240625119871,0.0,0.0,1.4625,1,-0.3315215800341811,-0.22280322997553775,-0.21743670011728666,-0.18370430758930825,0.24417073170731707,-0.0055742017249015285,-0.004736464218288899,-9.215112572738923e-05,0,1,0,0,0,0,0,0,0,25.78,25.78,25.02,3.03756994404476,3.03756994404476,0.0,1150.2,96.61538461538461
IPB,25.02,585.0,14636.699999999999,"日PINK上穿10, , , 周PINK上穿10, , , , 倍量柱(2次)",True,False,2,True,False,0,0,2,9.187692226602167,0.0,200.0,6.251240625119871,0.0,0.0,1.4625,1,-0.3315215800341811,-0.22280322997553775,-0.21743670011728666,-0.18370430758930825,0.24417073170731707,-0.0055742017249015285,-0.004736464218288899,-9.215112572738923e-05,0,1,0,0,0,0,0,0,0,25.78,25.78,25.02,3.03756994404476,3.03756994404476,0.0,1150.2,96.61538461538461
ISPR,4.91,57187.0,280788.17,", , 日BLUE>150(3天), 周PINK上穿10, , 周BLUE>150(3周), , 倍量柱(1次)",False,False,3,True,False,3,0,1,-0.9585622021661837,145.09289267502757,186.45756759857144,6.908104955748879,200.0,200.0,0.8956741009898509,1,-0.36304886105644396,-0.2122057717641518,-0.3016861785845843,-0.21269751511898655,0.04858536585365854,-0.00605177622077592,-0.004726634421282827,-0.00014576559794424028,0,1,0,0,0,0,0,0,0,4.54,5.3,4.5,-7.535641547861505,7.942973523421593,-8.350305498981669,65611.8,14.732019514924733
ITUB,4.95,26044367.0,128919616.65,", , , , , 周BLUE>150(4周), , 倍量柱(2次)",False,False,0,False,False,4,0,2,4.843606622699,141.18695165350618,141.18695165350618,1.917206760566166,197.3752349069049,197.3752349069049,3.587433717985732,2,-0.2541797995695534,-0.26699903287235155,0.02563846660559632,-0.002087163404407715,0.048250975609756094,-0.0040131673929606135,-0.004223316098935817,2.311635765727243e-05,1,0,0,0,0,0,0,0,0,5.1,5.26,4.86,3.0303030303030276,6.2626262626262585,-1.8181818181818188,24554255.0,-5.721436808197334
IWMY,30.03,84096.0,2525402.88,", , 日BLUE>150(4天), , , 周BLUE>150(4周), , ",False,False,4,False,False,4,0,0,5.842857556990049,0.0,200.00000000000003,1.687683591869412,0.0,169.69596710833972,0.5375710349853295,1,-0.9557120399497023,-0.8485638726217204,-0.21429633465596387,-0.29256262042442155,0.2926939024390244,-0.015455890363573088,-0.015480246177708358,2.679139554879681e-06,1,0,0,0,0,0,1,0,0,29.79,30.51,29.45,-0.7992007992008054,1.5984015984015887,-1.9314019314019326,82452.2,-1.9546708523592082
IWTR,29.13,78.0,2272.14,", , 日BLUE>150(3天), 周PINK上穿10, , , , 倍量柱(2次)",False,False,3,True,False,0,0,2,1.146436870455045,171.81937886729676,171.81937886729676,9.911558958182443,0.0,0.0,0.6,1,-0.7663763203239,-0.6104269998828828,-0.31189864088203434,-0.40651747189621856,0.2841951219512195,-0.011635678681007011,-0.01131568066774594,-3.519978145871783e-05,1,0,0,0,0,0,0,0,0,29.23,29.56,29.13,0.343288705801581,1.4761414349467872,0.0,217.0,178.2051282051282
JDOC,50.7025,53.0,2687.2325,", , 日BLUE>150(3天), , , 周BLUE>150(2周), , 倍量柱(3次)",False,False,3,False,False,2,0,3,0.8487194592141991,0.0,193.63621838311406,-1.8773439799779301,0.0,169.74105750370194,0.37857142857142856,1,-2.09786750511541,-1.8690247625215917,-0.4576854851876364,-0.763279642653433,0.49465853658536585,-0.032245320061681015,-0.03309358644357915,9.330930200879446e-05,1,0,0,0,0,0,0,0,0,51.9127,51.9127,50.7025,2.3868645530299215,2.3868645530299215,0.0,269.0,407.54716981132077
JDVI,25.1768,15007.0,377828.2376,", , 日BLUE>150(6天), , , 周BLUE>150(3周), , 倍量柱(2次)",False,False,6,False,False,3,0,2,-1.0030863615364616,200.0,200.0,-3.1079678521417424,200.0,200.0,inf,1,-0.5186070914597565,-0.39486546178360177,-0.24748325935230941,-0.23058760683299917,0.24561073170731706,-0.00854437837959629,-0.007810435910766385,-8.073367157128956e-05,1,0,0,0,0,0,0,0,0,25.503,25.8,25.17,1.2956372533443394,2.475294715770082,-0.027008992405697096,6024.6,-59.85473445725328
JHX,30.66,94984.0,2912209.44,", , 日BLUE>150(4天), 周PINK上穿10, , , , 倍量柱(2次)",False,False,4,True,False,0,0,2,2.032915271602378,187.3023218151362,187.3023218151362,4.5537276329253285,0.0,0.0,1.838067961916557,2,-1.4727903492503103,-1.0501139029415754,-0.8453528926174698,-0.9998453648510937,0.29983536585365855,-0.022562083732175053,-0.02130304260821663,-0.00013849452363542646,1,0,0,0,0,0,0,0,0,31.12,32.0199,30.3926,1.5003261578603988,4.435420743639917,-0.8721461187214619,83122.8,-12.487576855049266
JIRE,58.27,343428.0,20011549.560000002,", , 日BLUE>150(3天), 周PINK上穿10, , , , 倍量柱(2次)",False,False,3,True,False,1,0,2,3.123408036741956,175.36568813670027,175.36568813670027,2.453649995434967,153.23846694855123,153.23846694855123,0.12239848685891713,2,-1.3807773521398516,-0.8984534818574419,-0.9646477405648195,-0.9938329350667953,0.5690243902439024,-0.022328632958951933,-0.020558745380501408,-0.00019468763362955773,1,0,0,0,0,0,0,0,0,59.07,59.7716,58.1,1.3729191693838905,2.576969280933583,-0.2917453234940859,302658.0,-11.87148397917468
JPIN,53.45,17387.0,929335.15,", , 日BLUE>150(4天), 周PINK上穿10, , , , 倍量柱(1次)",False,False,4,True,False,0,0,1,2.238461036919852,169.9602272746428,169.9602272746428,2.8653953753888395,0.0,0.0,1.0764611193660227,2,-1.0322072945256764,-0.8036776563053895,-0.45705927644057387,-0.5505306269893182,0.5220880487804878,-0.01617668509498349,-0.01584024974585755,-3.7007888403853345e-05,1,0,0,0,0,0,0,0,0,53.5832,54.28,53.25,0.2492048643591982,1.5528531337698714,-0.374181478016844,22561.8,29.762466210387075
KELYB,13.5901,224.0,3044.1823999999997,", , 日BLUE>150(3天), , , 周BLUE>150(5周), , 倍量柱(2次)",False,False,3,False,False,5,0,2,-0.1361322449712551,161.15638533469306,161.15638533469306,-1.3162417579204106,200.0,200.0,0.49667405764966743,1,-2.3633554012745073,-2.0062619344794936,-0.7141869335900273,-0.9768316470699332,0.13258634146341464,-0.03561408332270499,-0.035238395700440794,-4.132563844906179e-05,1,0,0,0,0,0,0,0,0,14.22,14.62,13.5901,4.634991648332254,7.578310682040601,0.0,481.0,114.73214285714283
KDRN,22.74,6.0,136.44,", , 日BLUE>150(4天), 周PINK上穿10, , , , 倍量柱(3次)",False,False,4,True,False,0,0,3,0.8676422090190808,0.0,177.06204618446222,4.01545506622703,0.0,0.0,6.0,2,-0.28491418054219153,-0.2052911542916558,-0.1592460525010715,-0.2004388316343721,0.22185365853658534,-0.004317531082873971,-0.0042263186567703635,-1.0033366871396825e-05,1,0,0,0,0,0,0,0,0,22.655,22.74,22.635,-0.3737906772207422,0.0,-0.4617414248020979,1.2,-80.0
KLXY,23.4229,640.0,14990.655999999999,", , , , , 周BLUE>150(2周), , 倍量柱(3次)",False,False,0,False,False,2,0,3,61.539746668022474,0.0,0.0,40.57789883278535,0.0,171.8101505821537,2.0125786163522013,1,0.09690029153463087,0.21301927957530184,-0.23223797608134195,-0.14963702748406404,0.22886878048780485,0.000824290385905091,0.001787294371900927,-0.00010593043845954196,0,1,0,0,0,0,0,0,0,23.6504,23.8101,23.185,0.9712717041869379,1.6530830938952912,-1.0156726963783336,823.4,28.656250000000007
KMT,23.72,513158.0,12172107.76,", , 日BLUE>150(4天), 周PINK上穿10, , , , 倍量柱(1次)",False,False,4,True,False,0,0,1,2.7698439918067,0.0,200.0,8.734952074872634,0.0,0.0,1.0617354961516179,2,-1.343015068106542,-0.9768703962113062,-0.7322893437904716,-0.9047762543448923,0.23257317073170733,-0.019795348498004794,-0.01898922561277889,-8.867351737484965e-05,1,0,0,0,0,0,0,0,0,24.33,24.4,23.35,2.571669477234395,2.866779089376048,-1.5598650927487245,654858.6,27.61344459211392
KURA,8.68,1085664.0,9423563.52,", , 日BLUE>150(6天), , , 周BLUE>150(4周), , ",False,False,6,False,False,4,0,0,2.0542273847492667,0.0,200.0,-0.20213816924268985,0.0,200.0,0.8347806830711598,2,-1.4277446252078256,-1.700946449102043,0.5464036477884346,0.4644272235482927,0.08499926829268292,-0.02315935881005196,-0.025052218840535382,0.0002082146033531763,1,0,0,0,0,0,0,0,0,7.78,8.88,7.7,-10.36866359447004,2.3041474654378113,-11.290322580645151,1446678.2,33.25284802664543
LOCT,23.795,3407.0,81069.565,", , , 周PINK上穿10, , , , 倍量柱(3次)",False,False,0,True,False,1,0,3,4.168028427106971,0.0,0.0,8.479146325245821,0.0,172.81701869619215,15.846511627906978,1,-0.007506074502337867,0.0042466384603058495,-0.023505425925287433,-0.008597046590382277,0.23223414634146344,-0.00021683281520287756,-2.143358783519651e-05,-2.1493915010444914e-05,0,1,0,0,0,0,0,0,0,23.82,23.8601,23.78,0.10506408909434217,0.27358688800167563,-0.06303845345660974,2841.4,-16.60111535074845
LQDI,25.5451,26655.0,680904.6405000001,", , , , , 周BLUE>150(2周), , 倍量柱(1次)",False,False,1,False,False,2,0,1,7.070197897720275,163.32464411181905,163.32464411181905,14.188213733448503,162.74379178156482,162.74379178156482,6.667083541770886,2,-0.25190200603466906,-0.1955830498292396,-0.11263791241085891,-0.15641285952286493,0.24929317073170731,-0.003721396010699013,-0.0037914441398360084,7.705294205069498e-06,1,0,0,0,0,0,1,0,0,25.53,25.68,25.3101,-0.059111140688428154,0.528085621117147,-0.9199415934954325,297750.6,1017.0534608891389
LYB,72.78,2820761.0,205294985.58,", , 日BLUE>150(4天), , , 周BLUE>150(5周), , ",False,False,4,False,False,5,0,0,3.949625696150324,200.0,200.0,0.2845625349431524,176.45405187983164,176.45405187983164,1.283664811770852,2,-2.7335549373166543,-3.0843742497232927,0.7016386248132767,0.5123276240930337,0.7155609756097561,-0.04309670368512897,-0.04622395586951731,0.00034399774028271763,0,1,0,0,0,0,0,0,0,73.03,75.17,72.21,0.34350096180268963,3.283869194833744,-0.7831821929101479,2808779.4,-0.42476480637672065
MCHP,56.88,10084835.0,573625414.8000001,"日PINK上穿10, , , , , 周BLUE>150(4周), , 倍量柱(1次)",True,False,2,False,False,4,0,1,8.866919546062771,0.0,172.28035332325123,2.8413656528540283,0.0,200.0,1.786102531224098,3,-2.944091437879429,-3.4437584826746406,0.9993340895904232,0.7336444799758626,0.5576341463414634,-0.04653165113753599,-0.050595524667906025,0.0004470260883407039,0,1,0,0,0,0,0,0,0,56.38,59.86,56.01,-0.8790436005625901,5.239099859353025,-1.5295358649789148,7463127.4,-25.996534400414085
MOTI,29.95,23668.0,708856.6,", , , 周PINK上穿10, , , , 倍量柱(2次)",False,False,0,True,False,0,0,2,1.5086734474154673,140.7238395508145,140.7238395508145,3.261956596243956,130.75336078486845,130.75336078486845,2.8789684953168715,2,-0.8781485013535786,-0.5200624503606949,-0.7161721019857674,-0.6925023158721264,0.2927280487804878,-0.014190791587277984,-0.012527735147534604,-0.00018293620837177182,1,0,0,0,0,0,0,0,0,29.94,30.405,29.7712,-0.033388981636051085,1.5191986644407462,-0.596994991652755,12457.8,-47.364373838093634
MSA,165.01,110767.0,18277662.669999998,"日PINK上穿10, , , 周PINK上穿10, , , , 倍量柱(1次)",True,False,0,True,False,0,0,1,9.953121676296751,0.0,84.07028702158954,9.081702249607837,0.0,0.0,1.340420639914807,2,-2.8318649747363622,-1.763076672590972,-2.1375766042907807,-2.494302875448348,1.6155121951219509,-0.04291557915456101,-0.04054661855336139,-0.0002605856661319583,1,0,0,0,0,0,0,0,0,160.83,167.77,158.9101,-2.5331798072843914,1.6726259014605338,-3.6966850493909353,145720.2,31.555607717099864
MTTR,4.88,4013655.0,19586636.4,", , , , 周PINK下穿94, , , 倍量柱(1次)",False,False,0,False,True,0,0,1,57.855622045192035,0.0,0.0,94.30652194031791,0.0,0.0,3.485203976634796,2,-0.006778934415640592,0.012962188011550009,-0.039482244854381204,-0.06044727300994099,0.047414634146341464,-4.328650942576895e-05,-0.00013167356576053904,9.72257619682471e-06,1,0,0,0,0,0,0,0,0,4.96,4.98,4.73,1.6393442622950838,2.0491803278688714,-3.0737704918032627,2432451.6,-39.39559827638399
MYY,19.07,59646.0,1137449.22,", , , , , 周BLUE>150(2周), , 倍量柱(3次)",False,False,0,False,False,2,0,3,81.27966522950173,0.0,0.0,40.59430245407721,0.0,163.82541770554073,4.630181648812297,3,0.24003842728102143,0.15281628057235472,0.17444429341733342,0.2314466441435959,0.18548780487804878,0.0031985414546855107,0.0031217811811109046,8.443630093206666e-06,0,1,0,0,0,0,0,0,0,18.89,19.11,18.61,-0.9438909281594077,0.20975353959098442,-2.4121657052962764,27420.0,-54.028769741474704
MZZ,9.7912,15032.0,147181.3184,", , , , , 周BLUE>150(2周), , 倍量柱(2次)",False,False,0,False,False,2,0,2,79.05059558882675,0.0,0.0,38.99942034649678,0.0,163.60562269869268,64.23931623931624,3,0.2571761662171408,0.15670931909473224,0.2009336942448171,0.2612431325066962,0.09503024390243903,0.0034160952099004244,0.003290751699047214,1.3787786193853145e-05,0,1,0,0,0,0,0,0,0,9.6212,9.82,9.35,-1.7362529618432876,0.29414167824168835,-4.5060870986191714,6106.0,-59.379989356040454
NRES,23.8402,625.0,14900.125,", , 日BLUE>150(3天), , , 周BLUE>150(3周), , 倍量柱(3次)",False,False,3,False,False,3,0,3,16.508470409300916,0.0,200.0,6.724408507949844,0.0,200.0,44.642857142857146,1,-0.7366285085076179,-0.7446472794482472,0.01603754188125861,-0.1888838705554961,0.2328058536585366,-0.010626449501123847,-0.012132200832708655,0.00016563264647432885,1,0,1,0,0,0,0,0,0,24.1,24.28,23.83,1.0897559584231775,1.8447831813491522,-0.04278487596580671,257.8,-58.752
NRSH,20.4575,54.0,1104.705,", , 日BLUE>150(8天), 周PINK上穿10, , , , 倍量柱(1次)",False,False,8,True,False,0,0,1,0.11260266447637543,191.5716190116289,200.0,7.713461555972687,0.0,0.0,1.0188679245283019,1,-0.8526317229502993,-0.64757555584944,-0.41011233420171855,-0.5344820596463052,0.19958536585365852,-0.012671324347447777,-0.012451932052991882,-2.4133152390148366e-05,1,0,0,0,0,0,0,0,0,20.5848,20.81,20.4575,0.6222656727361775,1.7230844433581805,0.0,748.0,1285.1851851851852
NSTS,11.95,438.0,5234.099999999999,", 日PINK下穿94, , , 周PINK下穿94, , , 倍量柱(2次)",False,True,0,False,True,0,0,2,95.27105161516872,0.0,0.0,97.18096114137043,0.0,0.0,0.7121951219512195,1,0.23960854814544952,0.18100570246795317,0.1172056913549927,0.1081194070201351,0.11658536585365853,0.0039155152830447765,0.0035423698166978505,4.1046001298161854e-05,1,0,0,0,0,0,0,0,0,11.5,12.05,11.2445,-3.765690376569031,0.8368200836820217,-5.903765690376561,3807.5,769.2922374429223
NTSI,35.07,77277.0,2710104.39,", , , 周PINK上穿10, , , 黄金柱(1次), 倍量柱(2次)",False,False,0,True,False,0,1,2,5.152286557246942,125.09239580913174,125.09239580913174,3.2329183629909934,135.2516691874619,135.2516691874619,2.2962885923988945,2,-0.5140252851415426,-0.3651063066862898,-0.2978379569105055,-0.3436219338274315,0.342340487804878,-0.008340497458927065,-0.00809896447967963,-2.6568627717217934e-05,1,0,0,0,0,0,0,0,0,35.271,35.6498,34.9396,0.5731394354148822,1.6532648987738874,-0.3718277730253794,38939.0,-49.61113914877649
NVEE,18.52,299426.0,5545369.52,", , 日BLUE>150(4天), , , 周BLUE>150(4周), , ",False,False,4,False,False,4,0,0,2.781447082876192,166.5900668910379,166.5900668910379,0.8342238047354888,168.78011964661465,168.78011964661465,1.0343510131890756,2,-1.0294604749731917,-1.019258231859096,-0.020404486228191576,-0.1313635174696356,0.18170731707317073,-0.015832134575598872,-0.01654037776151336,7.790675045059383e-05,1,0,0,0,0,0,0,0,0,19.14,19.8468,18.36,3.3477321814255,7.164146868250554,-0.8639308855291628,407144.8,35.97509902279694
NXPI,206.21,1398418.0,288367775.78000003,"日PINK上穿10, , , , , 周BLUE>150(2周), , ",True,False,2,False,False,2,0,0,7.242682290336897,0.0,161.37462111190342,1.3322403911044036,0.0,200.0,1.2523378044608586,1,-5.801912411569361,-5.076477001111994,-1.4508708209147354,-1.0506940272071859,2.022560975609756,-0.09301012480566584,-0.08648851702908734,-0.0007173768554236344,0,1,0,0,0,0,0,0,0,209.72,218.9373,205.0,1.7021482954269862,6.172009116919641,-0.5867804665147247,1897590.4,35.69550735187905
OEC,15.27,321324.0,4906617.4799999995,"日PINK上穿10, , , , , 周BLUE>150(2周), , ",True,False,0,False,False,2,0,0,8.730634152339274,55.80029899263686,55.80029899263686,1.8298676226685684,0.0,195.73374300107886,0.779899370641761,2,-0.7587421174342044,-0.5147821639905555,-0.4879199068872977,-0.6495219559451406,0.15039024390243902,-0.011042916747535797,-0.01096814384058575,-8.225019764505174e-06,1,0,0,0,0,0,0,0,0,14.69,16.0,14.64,-3.7982973149967236,4.780615586116577,-4.125736738703334,369797.6,15.08558339868793
OSEA,25.82,77335.0,1996789.7,"日PINK上穿10, , , 周PINK上穿10, , , , 倍量柱(1次)",True,False,0,True,False,0,0,1,7.22860726709797,0.0,123.15691733015451,3.948979258030584,0.0,139.82036627765197,0.7308441067513419,1,-0.47497975496399647,-0.3193354685822398,-0.3112885727635133,-0.32468705188922165,0.2523660975609756,-0.007506344630678008,-0.007019128321649164,-5.3593793993172805e-05,1,0,0,0,0,0,0,1,0,26.05,26.54,25.7701,0.8907823392718894,2.7885360185902375,-0.19326103795507255,133670.4,72.84593004461111
OVF,23.35,681.0,15901.35,", , 日BLUE>150(6天), 周PINK上穿10, , , , 倍量柱(1次)",False,False,6,True,False,0,0,1,-0.31244208746776514,184.33502953156005,184.33502953156005,7.847263659934782,0.0,0.0,1.2427007299270072,2,-0.5160528460828289,-0.3308207449121107,-0.3704642023414363,-0.36936293154499056,0.2280975609756098,-0.00819085570332126,-0.007334036001569611,-9.425016719268129e-05,1,0,0,0,0,0,0,0,0,23.6032,24.5,23.35,1.084368308351169,4.925053533190571,0.0,3302.6,384.9632892804699
PABD,51.0475,78.0,3981.705,"日PINK上穿10, , 日BLUE>150(3天), 周PINK上穿10, , , , 倍量柱(3次)",True,False,3,True,False,0,0,3,8.754450123457158,0.0,195.71168009240083,6.800267244273403,0.0,135.49571334390242,0.4508670520231214,1,-0.9279219038622202,-0.7293166127199355,-0.3972105822845693,-0.5118610958684012,0.49802439024390244,-0.014489844712811117,-0.014236807349184331,-2.7834109998946463e-05,1,0,0,0,0,0,0,0,0,51.5572,52.05,51.0475,0.9984818061609335,1.963857191831142,0.0,208.4,167.1794871794872
PEP,150.21,4431087.0,665593578.27,"日PINK上穿10, , , , , 周BLUE>150(2周), , ",True,False,0,False,False,2,0,0,8.403608072645774,0.0,113.48794720821131,0.5299983402987394,0.0,170.73711262845745,1.078491251760333,2,-3.6414943582066996,-3.441910239324709,-0.39916823776398136,-0.6034601160015275,1.4730975609756098,-0.05643865163623496,-0.05790108425784296,0.0001608675883768801,0,1,0,0,0,0,0,0,0,146.54,153.66,144.56,-2.4432461220957435,2.296784501697613,-3.761400705678719,6394867.0,44.3182451619659
PFLD,20.69,245948.0,5088664.12,", , 日BLUE>150(5天), , , 周BLUE>150(2周), , 倍量柱(1次)",False,False,5,False,False,2,0,1,24.242709320730583,0.0,200.0,16.27822453983944,177.64179355560785,177.64179355560785,0.9880524823036936,3,-0.13909902057163492,-0.12383255986485343,-0.03053292141356298,-0.05443596576482153,0.20155926829268295,-0.002228011044047018,-0.002271681678758032,4.803769818211563e-06,1,0,0,0,0,0,1,0,0,20.58,20.78,20.5117,-0.5316578057032562,0.4349927501208217,-0.8617689705171627,155067.6,-36.951062826288485
PII,56.38,632735.0,35673599.300000004,"日PINK上穿10, , , , , 周BLUE>150(3周), , ",True,False,1,False,False,3,0,0,8.246273406716032,0.0,153.50462905852854,1.30669066282567,0.0,166.57637831603859,0.723948119349295,2,-3.6810960969232482,-3.6139517908258103,-0.13428861219487587,-0.630595510137621,0.5544146341463415,-0.0577111521038135,-0.061522102317571103,0.00041920452351333626,1,0,0,0,0,0,0,0,0,55.42,59.65,55.195,-1.702731465058538,5.7999290528556235,-2.101809152181633,803789.0,27.0340663943041
PLTK,6.89,736462.0,5074223.18,", , 日BLUE>150(4天), 周PINK上穿10, , , , 倍量柱(1次)",False,False,4,True,False,0,0,1,14.430968594525158,0.0,200.0,6.55866685175071,0.0,0.0,1.021673355631424,2,-0.4817282582218514,-0.4018303448457776,-0.15979582675214754,-0.307848640798865,0.06767000000000001,-0.006618115675116623,-0.0072556007298468774,7.012335602032797e-05,1,0,0,0,0,0,0,0,0,6.9,7.18,6.765,0.14513788098695635,4.208998548621201,-1.8142235123367212,736448.0,-0.001900980634439442
PPIE,21.9651,12285.0,269841.2535,", , 日BLUE>150(6天), 周PINK上穿10, , , , 倍量柱(3次)",False,False,6,True,False,0,0,3,-0.20898941446385244,191.19411208354364,191.19411208354364,5.289080362504425,146.75540117625795,146.75540117625795,6.597744360902255,1,-0.6015973000435544,-0.30575894069188503,-0.5916767187033387,-0.48641575671958814,0.21418365853658536,-0.010344628639590958,-0.008149640651410299,-0.00024144867869987257,0,1,0,0,0,0,0,0,0,22.184,22.28,21.92,0.9965809397635361,1.43363790740767,-0.20532572125779858,10041.8,-18.25966625966626
PROP,6.67,78669.0,524722.23,"日PINK上穿10, , , , , 周BLUE>150(2周), , ",True,False,0,False,False,2,0,0,8.649960912777392,116.50401029655728,116.50401029655728,2.4272474464605875,200.0,200.0,0.43705,1,-0.4517803956858524,-0.395824619176244,-0.11191155301921674,-0.10763974131210463,0.06635073170731708,-0.006916261352300668,-0.006636300352477101,-3.079570998059236e-05,0,1,0,0,0,0,0,0,0,6.47,7.3338,6.4,-2.998500749625188,9.952023988006008,-4.047976011993992,95012.6,20.77514649989196
QQQY,30.95,164318.0,5085642.1,", , 日BLUE>150(3天), , , 周BLUE>150(6周), , ",False,False,3,False,False,6,0,0,3.9407416968499773,160.6830162125056,160.6830162125056,1.7074203891002904,200.0,200.0,1.2195733816260186,1,-0.8049561057563928,-0.5702093635884665,-0.4694934843358525,-0.39934972649384565,0.3015121951219512,-0.013655671032645533,-0.01193145681459658,-0.0001896635639853849,0,1,0,0,0,0,0,0,0,30.57,31.4,30.352,-1.2277867528271424,1.453957996768973,-1.9321486268174426,121394.6,-26.122153385508582
RFACU,11.29,250.0,2822.5,", , , , 周PINK下穿94, , , 倍量柱(1次)",False,False,0,False,True,0,0,1,92.83811059984652,0.0,0.0,95.28918249663224,0.0,0.0,2.4752475247524752,1,0.2574211917117317,0.21330289082133008,0.08823660178080328,0.1080120377798931,0.11014634146341462,0.004025824391475766,0.003938847229603991,9.56748780589524e-06,0,1,0,0,0,0,0,0,0,11.51,11.9,11.51,1.9486271036315284,5.403011514614708,1.9486271036315284,182.0,-27.200000000000003
RIV,11.81,129221.0,1526100.01,", , 日BLUE>150(4天), , , 周BLUE>150(2周), , 倍量柱(1次)",False,False,4,False,False,2,0,1,18.81386563828841,0.0,178.18022303483457,23.46923270930121,167.32441322718384,167.32441322718384,0.5427857352879405,2,-0.31203611954195054,-0.23900935357220537,-0.14605353193949033,-0.20995271275553273,0.11465853658536584,-0.004814447605653194,-0.004817895226075841,3.792382464912203e-07,1,0,0,0,0,0,1,0,0,11.88,12.05,11.54,0.592718035563089,2.0321761219305623,-2.286198137171902,80715.8,-37.53662330426168
RLY,27.21,41416.0,1126929.36,", , 日BLUE>150(3天), 周PINK上穿10, , , , 倍量柱(1次)",False,False,3,True,False,1,0,1,14.153830236837454,0.0,181.25076229852405,7.307240915516109,0.0,173.2862030372904,0.33829691647947724,1,-0.4823355564626226,-0.4234661542375844,-0.11773880445007645,-0.24311870850829442,0.2652929268292683,-0.007089500537311388,-0.007680834394259352,6.504672426427598e-05,1,0,0,0,0,0,1,0,0,27.26,27.47,27.0801,0.18375597206909955,0.9555310547592732,-0.477398015435504,45753.8,10.473729959435985
RRR,44.72,573384.0,25641732.48,"日PINK上穿10, , 日BLUE>150(3天), , , 周BLUE>150(2周), , ",True,False,3,False,False,2,0,0,8.354297013741265,163.57169280791837,163.57169280791837,2.83549478007227,200.0,200.0,1.5381421064067793,2,-1.6880853432360254,-1.5200489014206853,-0.33607288363068033,-0.418948940581957,0.43953658536585366,-0.02634817811197493,-0.026220009474308754,-1.4098550143279224e-05,0,1,0,0,0,0,0,0,0,43.94,46.59,43.6401,-1.744186046511631,4.181574239713792,-2.4148032200357883,514524.0,-10.265371897367215
RSPM,32.23,267171.0,8610921.33,", , , , , 周BLUE>150(2周), , 倍量柱(2次)",False,False,0,False,False,2,0,2,2.978981339004939,142.70379498151013,142.70379498151013,-5.866422679079022,163.96416288337207,163.96416288337207,6.990894104717796,1,-1.2103578612012171,-1.0227235796978706,-0.375268563006693,-0.5102589552001375,0.316,-0.01812486699011384,-0.018156532491932338,3.4832052000346307e-06,1,0,0,0,0,0,1,0,0,32.51,32.9,32.14,0.8687558175612731,2.0788085634501963,-0.2792429413589703,75106.8,-71.88811659948122
RTC,3.35,6961.0,23319.350000000002,"日PINK上穿10, , , 周PINK上穿10, , , , 倍量柱(1次)",True,False,0,True,False,0,0,1,7.579463528505874,0.0,0.0,5.7442870005511235,0.0,0.0,0.25432026597493695,1,-1.5099139709749623,-1.4828715747406582,-0.05408479246860809,-0.4142916638617472,0.03331707317073171,-0.021708004882300534,-0.023319656863596563,0.0001772817179425632,1,0,0,0,0,0,0,0,0,2.35,3.61,2.35,-29.850746268656714,7.761194029850738,-29.850746268656714,82777.6,1089.162476655653
SCHF,18.44,10248084.0,188974668.96,", , 日BLUE>150(3天), 周PINK上穿10, , , , 倍量柱(1次)",False,False,3,True,False,0,0,1,16.164204880056033,0.0,200.0,9.353991732183005,0.0,0.0,0.6889120884661277,2,-0.3577469800471178,-0.3031071607666913,-0.10927963856085299,-0.173654862272514,0.18008536585365856,-0.005370486773144917,-0.005548458467694643,1.9576886400469833e-05,1,0,0,0,0,0,0,0,0,18.69,18.8799,18.385,1.3557483731019504,2.3855748373101893,-0.2982646420824242,9450203.6,-7.7856543720758005
SCS,11.66,439258.0,5121748.28,"日PINK上穿10, , , 周PINK上穿10, , , , ",True,False,0,True,False,0,0,0,9.83124429903651,0.0,97.99700747304267,3.1763054078116753,0.0,135.75879404252723,0.6924558759545234,1,-0.5276286434381969,-0.3628353898158021,-0.32958650724478966,-0.41612079383378986,0.11458536585365854,-0.007836228311631388,-0.007748807609934103,-9.616277186701334e-06,1,0,0,0,0,0,0,0,0,11.3,12.02,11.0,-3.0874785591766707,3.0874785591766596,-5.660377358490565,583847.0,32.91664579814142
SID,1.42,2556321.0,3629975.82,", , , , , 周BLUE>150(5周), , 倍量柱(2次)",False,False,0,False,False,5,0,2,4.34294973484422,119.01267138515959,125.75184350721523,1.1719772245395106,200.0,200.0,2.552609505778598,2,-0.1779187204379764,-0.15126081012234566,-0.0533158206312615,-0.0742353337095544,0.013780487804878047,-0.0027765499489383234,-0.0027635598252760195,-1.428913602853437e-06,1,0,0,0,0,0,0,0,0,1.33,1.48,1.31,-6.338028169014076,4.225352112676051,-7.746478873239426,2867742.6,12.182413710954144
SITC,15.0,729669.0,10945035.0,", , 日BLUE>150(4天), , , 周BLUE>150(7周), , ",False,False,4,False,False,7,0,0,20.029136584410637,0.0,200.00000000000003,0.36910435536825315,0.0,200.0,0.9550278850671898,2,-0.5351848723111488,-0.7563960539954829,0.44242236336866836,0.5373084483647101,0.14692682926829267,-0.013269908516618939,-0.014498383393654914,0.0001351322364739573,0,1,0,0,0,0,0,0,0,14.95,15.31,14.92,-0.33333333333334103,2.066666666666661,-0.5333333333333301,956091.8,31.030892089426864
SMMU,49.84,336182.0,16755310.88,", , , 周PINK上穿10, , , , 倍量柱(2次)",False,False,0,True,False,0,0,2,5.090547008910967,0.0,0.0,8.85952589322837,0.0,0.0,2.701884669479606,5,-0.0814455467435451,-0.056640308267096935,-0.04961047695289632,-0.05713467499415983,0.48656097560975614,-0.0012750786362377142,-0.0012620194262326252,-1.4365131005597901e-06,0,1,0,0,0,0,0,0,0,49.84,50.0,49.81,0.0,0.32102728731941976,-0.06019261637238982,126270.4,-62.43986888054685
SMMU,49.84,336182.0,16755310.88,", , , 周PINK上穿10, , , , 倍量柱(2次)",False,False,0,True,False,0,0,2,5.090547008910967,0.0,0.0,8.85952589322837,0.0,0.0,2.701884669479606,5,-0.0814455467435451,-0.056640308267096935,-0.04961047695289632,-0.05713467499415983,0.48656097560975614,-0.0012750786362377142,-0.0012620194262326252,-1.4365131005597901e-06,0,1,0,0,0,0,0,0,0,49.84,50.0,49.81,0.0,0.32102728731941976,-0.06019261637238982,126270.4,-62.43986888054685
SPQ,27.0782,587.0,15894.9034,", , 日BLUE>150(4天), 周PINK上穿10, , , , 倍量柱(2次)",False,False,4,True,False,0,0,2,-1.833860091966768,200.0,200.0,8.762446440374262,0.0,0.0,0.18511510564490696,1,-1.8278814120533688,-0.9247179276331943,-1.8063269688403492,-1.8365689397327136,0.2639790243902439,-0.028758974751592226,-0.024905307231223653,-0.000423903427240543,1,0,0,0,0,0,0,0,0,27.2792,27.5904,26.82,0.742294539518884,1.8915585230923737,-0.9535345776307103,470.2,-19.897785349233388
STE,202.46,387726.0,78499005.96000001,"日PINK上穿10, , , 周PINK上穿10, , 周BLUE>150(2周), , 倍量柱(1次)",True,False,0,True,False,2,0,1,5.55724517427231,148.02029013300591,148.02029013300591,9.815449642519564,200.0,200.0,1.8308047540124375,2,-4.421160838124052,-3.905510800356793,-1.031300075534519,-0.7871438777644002,1.9846829268292683,-0.07150714715944906,-0.06832605248487908,-0.0003499204142026976,0,1,0,0,0,0,0,0,0,209.43,209.73,200.98,3.4426553393262838,3.590832757087803,-0.7310085942902389,361027.4,-6.885945229362999
STHO,9.51,52056.0,495052.56,", , 日BLUE>150(5天), , , 周BLUE>150(2周), , ",False,False,5,False,False,2,0,0,12.022750911880406,0.0,200.0,2.7363860173383623,0.0,156.76243612231124,0.49731547471196286,1,-0.6236993824215009,-0.6695089653025375,0.09161916576207307,-0.034672144721131816,0.09365853658536585,-0.00953986791198387,-0.010750264119528999,0.00013314358282996404,1,0,0,0,0,0,0,0,0,8.8,9.87,8.73,-7.465825446897989,3.785488958990535,-8.201892744479489,90592.8,74.02950668510834
SURI,16.0726,3475.0,55852.285,", , 日BLUE>150(5天), , , 周BLUE>150(5周), , 倍量柱(1次)",False,False,5,False,False,5,0,1,3.0352057277143736,0.0,200.0,-0.8684676023598605,200.0,200.0,1.7479879275653925,1,-1.7265821394369354,-1.8893050164740448,0.32544575407421883,0.08713782676558644,0.15672,-0.026009303102346226,-0.028045194064929335,0.000223948005884142,1,0,0,0,0,0,0,0,0,16.0664,16.3,15.9,-0.03857496609135369,1.4148302079315167,-1.0738772818336906,1706.2,-50.900719424460426
SUPL,37.5141,14.0,525.1974,", , 日BLUE>150(5天), , , 周BLUE>150(2周), , 倍量柱(2次)",False,False,5,False,False,2,0,2,-0.18537297628877214,165.9336756891067,189.06495363658703,-4.751275902507519,189.79180075118177,189.79180075118177,0.12280701754385964,2,-1.3074217454295791,-0.8982761608793285,-0.8182911691005013,-0.9415763283734548,0.3659912195121951,-0.019960700576919066,-0.01886952282592397,-0.00012002955260946041,1,0,0,0,0,0,0,0,0,37.989,38.1854,37.5141,1.2659240125712623,1.7894604961867788,0.0,12.2,-12.857142857142867
SZNE,36.42,7868.0,286552.56,"日PINK上穿10, , , 周PINK上穿10, , , , 倍量柱(2次)",True,False,0,True,False,0,0,2,5.764658901909726,120.3377105493542,129.15652043454224,8.198522541065596,0.0,0.0,0.720183066361556,2,-0.6819347272252401,-0.4393828688125081,-0.48510371682546394,-0.5129288620441862,0.3561463414634147,-0.01055829766297911,-0.00946393180002731,-0.00012038024492469802,0,1,0,0,0,0,0,0,0,36.7042,37.18,36.31,0.7803404722679819,2.0867655134541474,-0.3020318506315234,5641.0,-28.304524656837827
TEF,4.06,995516.0,4041794.9599999995,", , 日BLUE>150(5天), , , 周BLUE>150(3周), , ",False,False,5,False,False,3,0,0,6.493230874028715,0.0,172.5255920502873,-0.5719107598166637,200.0,200.0,1.9388988867335093,2,-0.16024296011904937,-0.13795812359027643,-0.04456967305754589,-0.07854089217821232,0.0396280487804878,-0.002399518386992358,-0.0025378059524597237,1.5211632201410216e-05,1,0,0,0,0,0,0,0,0,4.0,4.1,3.96,-1.477832512315258,0.9852216748768461,-2.463054187192115,723005.4,-27.373804137753687
TINT,28.8952,21.0,606.7991999999999,", , 日BLUE>150(3天), , , 周BLUE>150(2周), , 倍量柱(3次)",False,False,3,False,False,2,0,3,-0.41821282374513846,167.88038280240514,169.42113801234402,-3.036469009716324,177.21392833092483,177.21392833092483,0.14093959731543623,2,-0.7934163379477788,-0.6742569856928374,-0.23831870450988268,-0.2937687164659605,0.2819043902439024,-0.012512975663921178,-0.012250131502499966,-2.8912857756333254e-05,1,0,0,0,0,0,0,0,0,29.718,29.8329,28.8952,2.8475317699825586,3.2451756693153255,0.0,45.0,114.28571428571428
TMFM,25.59,10987.0,281157.33,", , 日BLUE>150(3天), 周PINK上穿10, , , , 倍量柱(1次)",False,False,3,True,False,0,0,1,1.2882575146280955,179.58542206063757,179.58542206063757,3.337583189803894,77.79306304260989,77.79306304260989,0.9702401978099612,2,-2.1063830946171223,-1.612288011734233,-0.9881901657657783,-1.4452348152076027,0.25037804878048775,-0.03022822867032443,-0.0307627673833557,5.879925843343976e-05,1,0,0,0,0,0,0,0,0,25.8239,26.07,25.52,0.914028917545906,1.875732708089095,-0.273544353263,13553.4,23.358514608173287
TOUS,26.121,3507.0,91606.347,", , 日BLUE>150(3天), 周PINK上穿10, , , , 倍量柱(1次)",False,False,3,True,False,0,0,1,5.200423299512403,0.0,200.0,2.5923767876420314,0.0,146.48807981844476,0.2536892361111111,1,-0.5710339565467208,-0.38892638406447383,-0.36421514496449403,-0.407130323703627,0.25500487804878047,-0.009313840322167977,-0.008650419736598348,-7.297626441265918e-05,1,0,0,0,0,0,0,0,0,26.3901,26.63,26.08,1.0302055817158706,1.9486237127215755,-0.1569618314765875,4858.0,38.522954091816366
TTC,79.07,730066.0,57726318.62,"日PINK上穿10, , , 周PINK上穿10, , , , 倍量柱(1次)",True,False,0,True,False,0,0,1,6.270051605159383,0.0,73.78077142077153,9.695373825105609,0.0,0.0,1.601148336272162,2,-1.9926977465206335,-0.9992410141478036,-1.9869134647456597,-2.1230294869352826,0.7762926829268292,-0.0298379007341516,-0.026800176993343555,-0.0003341496114888851,1,0,0,0,0,0,0,0,0,79.25,81.71,77.31,0.22764638927532665,3.3388137093714354,-2.2258758062476125,720564.0,-1.3015261633879671
TU,13.63,3147112.0,42895136.56,", , 日BLUE>150(5天), , , 周BLUE>150(3周), , 倍量柱(1次)",False,False,5,False,False,3,0,1,12.50406451661956,0.0,173.13386073981405,3.915903599160346,0.0,200.0,0.7553650128913921,3,-0.6649240283926474,-0.5877436841161736,-0.1543606885529476,-0.29206388962095065,0.13290243902439025,-0.010072835452792472,-0.010623264625752207,6.054720902557084e-05,1,0,0,0,0,0,0,0,0,13.9,14.15,13.5,1.9809244314013208,3.815113719735863,-0.9537784299339713,3407988.2,8.28938404480044
TWI,6.79,588289.0,3994482.31,"日PINK上穿10, , , 周PINK上穿10, , , , ",True,False,0,True,False,0,0,0,7.908685351611169,0.0,90.0173615873104,7.498278784678371,0.0,133.17169079667497,1.3397456189294132,2,-0.22059350696213986,-0.07391753089344338,-0.29335195213739296,-0.3016082625765534,0.06730487804878048,-0.0033383126094793103,-0.0029932315232051032,-3.795891949016278e-05,1,0,0,0,0,0,0,0,0,6.8,7.425,6.61,0.14727540500736325,9.351988217967588,-2.6509572901325384,582490.2,-0.9857060050417421
UHG,4.125,24994.0,103100.25,"日PINK上穿10, , , , , 周BLUE>150(3周), , 倍量柱(1次)",True,False,0,False,False,3,0,1,6.59526611250846,0.0,115.69155122093959,2.3741846237523374,0.0,199.99999999999997,0.6990742035633374,1,-0.45534836829251635,-0.494845111805674,0.07899348702631526,0.011064180448447081,0.040560975609756106,-0.006669975562356184,-0.0070971512894321825,4.6989329978359836e-05,0,1,0,0,0,0,0,0,0,3.85,4.35,3.77,-6.666666666666665,5.454545454545445,-8.606060606060606,35293.6,41.20828998959749
ULE,10.2582,30734.0,315275.5188,", , , , , 周BLUE>150(2周), , 倍量柱(3次)",False,False,1,False,False,2,0,3,3.3674989353895897,153.616163989377,153.616163989377,2.434870827913517,171.5368284310066,171.5368284310066,4.494589061128985,2,-0.17870196267320004,-0.15976985629751467,-0.03786421275137075,-0.005572176650117771,0.10033268292682927,-0.0030507880663773884,-0.0027139760669896915,-3.704931993264666e-05,0,1,0,0,0,1,0,0,0,10.31,10.485,10.22,0.5049618841512116,2.2109141954728795,-0.37238501881421415,23497.8,-23.54460857682046
UTWY,43.42,2261.0,98172.62000000001,", , 日BLUE>150(3天), , , 周BLUE>150(3周), , 倍量柱(1次)",False,False,3,False,False,3,0,1,4.987657370784358,0.0,162.12667256403032,0.46505873153896005,186.24263219069513,186.24263219069513,0.46350963509635096,1,-0.6316854200905908,-0.49166504522440585,-0.2800407497323699,-0.3895244580606351,0.42353658536585365,-0.00991061007782218,-0.009984665900654497,8.146140511554965e-06,1,0,0,0,0,0,1,0,0,42.86,43.53,42.62,-1.2897282358360296,0.25333947489636355,-1.8424689083371804,3285.2,45.29854046881909
UYM,22.2,68247.0,1515083.4,", , 日BLUE>150(5天), , , 周BLUE>150(2周), , 倍量柱(2次)",False,False,5,False,False,2,0,2,2.133795412256233,197.1109436009184,200.0,-5.57142265395823,160.9295882382994,160.9295882382994,1.0844907039567773,4,-1.764225271403074,-1.5191259973663196,-0.4901985480735087,-0.6432788504421236,0.21889024390243902,-0.02662334849184128,-0.02636157512548755,-2.8795070298910513e-05,1,0,0,0,0,0,0,0,0,22.7531,23.145,22.2,2.4914414414414443,4.256756756756763,0.0,24229.4,-64.49748706902867
VLO,123.15,1999533.0,246242488.95000002,", , 日BLUE>150(3天), , , 周BLUE>150(3周), , ",False,False,3,False,False,3,0,0,20.69684295203552,0.0,181.8093457819627,4.364416371656673,0.0,200.0,0.7939522445308731,1,-4.824193212482683,-4.995433444815543,0.34248046466571935,-1.6397767314057776,1.204487804878049,-0.06696873552859017,-0.08192746905355827,0.001645460687746491,1,0,1,0,0,0,0,0,0,125.19,126.427,121.58,1.6565164433617552,2.6609825416159083,-1.2748680470970442,2172304.4,8.640587577199277
VTVT,13.5723,3554.0,48235.9542,", , , 周PINK上穿10, , , , 倍量柱(2次)",False,False,0,True,False,0,0,2,16.244110424746253,0.0,0.0,7.901177428370056,0.0,0.0,2.051963048498845,2,-0.7080376381062425,-0.28932366319059455,-0.837427949831296,-0.9344867243423078,0.13207219512195123,-0.011151346657323286,-0.009644514582081577,-0.00016575152827658793,1,0,0,0,0,0,0,0,0,14.01,15.262,13.275,3.224950818947403,12.449621655872622,-2.1904909263720906,9198.2,158.81260551491278
WDNA,14.47,3523.0,50977.810000000005,", , , , , 周BLUE>150(3周), , 倍量柱(3次)",False,False,2,False,False,3,0,3,3.5739567477956733,0.0,159.6101168265975,2.555715908718173,0.0,181.98659654795483,5.600953895071542,4,-0.44430621753579125,-0.35743638666283817,-0.17373966174590616,-0.2410379088866714,0.14153658536585367,-0.0067358170446776555,-0.006882819835652134,1.6170307007192674e-05,1,0,0,0,0,0,1,0,0,14.8535,14.94,14.47,2.6503109882515474,3.248099516240499,0.0,2112.4,-40.039738858927045
WEN,16.12,3406757.0,54916922.84,", , 日BLUE>150(5天), 周PINK上穿10, , , , ",False,False,5,True,False,0,0,0,2.4282515681385846,173.43388230892234,173.43388230892234,7.078456957676004,0.0,0.0,1.3046005864419852,2,-0.6328788079264918,-0.5905649721471301,-0.0846276715587233,-0.1103146927063144,0.15790243902439022,-0.009636807701921712,-0.009544249903091367,-1.0181357871338025e-05,0,1,0,0,0,0,0,0,0,15.18,16.48,15.0322,-5.831265508684869,2.2332506203473823,-6.748138957816385,4503805.6,32.20213827989491
WIW,8.29,148245.0,1228951.0499999998,", , 日BLUE>150(3天), , , 周BLUE>150(2周), , 倍量柱(1次)",False,False,3,False,False,2,0,1,10.867382775764181,0.0,163.97998889989617,2.5011032604229264,0.0,193.99345033762376,0.3726284197508521,2,-0.13272975615031335,-0.11133071402386219,-0.042798084252902324,-0.07064007978100523,0.08090243902439025,-0.001987324829751072,-0.0020799667773985717,1.0190614241224956e-05,1,0,0,0,0,0,1,0,0,8.27,8.32,8.23,-0.24125452352231624,0.361881785283491,-0.7237635705669376,184496.6,24.45384329994267
XOMO,14.6,37189.0,542959.4,", , 日BLUE>150(5天), , , 周BLUE>150(3周), , 倍量柱(1次)",False,False,5,False,False,3,0,1,7.275532223633528,0.0,200.0,0.3800287469405841,0.0,200.0,0.9513199631638187,1,-0.5430926370934497,-0.5727806124340881,0.05937595068127677,-0.028527335861875676,0.14262682926829268,-0.008197490692947368,-0.008886483419247762,7.578919989304336e-05,1,0,0,0,0,0,0,0,0,14.59,14.889,14.51,-0.068493150684934,1.9794520547945282,-0.6164383561643838,43266.0,16.340853478179042
XPON,2.0,28942031.0,57884062.0,", , , , , 周BLUE>150(2周), 黄金柱(1次), 倍量柱(3次)",False,False,0,False,False,2,1,3,21.662559680860543,0.0,0.0,0.1476045456092701,0.0,200.0,57.03560040832575,5,-0.12390496112250649,-0.28692250820561804,0.3260350941662231,0.3699831571174143,0.02529268292682927,-0.0023977446182876228,-0.00413021764964628,0.00019057203344945226,0,1,0,0,0,0,0,0,0,1.87,4.4,1.79,-6.499999999999995,120.00000000000001,-10.499999999999998,6433284.8,-77.77182672494546
XXCH,21.6744,134.0,2904.3696,", , 日BLUE>150(6天), , , 周BLUE>150(4周), , 倍量柱(2次)",False,False,6,False,False,4,0,2,0.5940519086385085,0.0,200.0,-1.9457554379293427,200.0,200.0,3.526315789473684,1,-1.4024877401888745,-1.2300304819374333,-0.3449145165028824,-0.5151012255596661,0.21145756097560975,-0.021691676862405668,-0.021943618984904146,2.7713633474832598e-05,1,0,0,0,0,0,1,0,0,22.09,22.613,21.6744,1.917469457055332,4.330454360905045,0.0,1077.4,704.0298507462687
YCS,47.89,28826.0,1380477.1400000001,", , , , 周PINK下穿94, , 黄金柱(1次), 倍量柱(3次)",False,False,0,False,True,0,1,3,91.94343187722431,0.0,0.0,96.37481574379638,0.0,0.0,2.171613680879916,2,1.212043632559002,0.9568489558123621,0.51038935349328,0.7455844246196852,0.46614634146341466,0.019242487071095604,0.01968158688391939,-4.830097941061644e-05,0,1,0,0,0,0,0,0,0,48.3417,48.46,47.2,0.9432031739402769,1.1902276049279514,-1.4408018375443699,19050.6,-33.91174634010963
ZSC,22.385,33.0,738.705,", , 日BLUE>150(3天), , , 周BLUE>150(2周), , 倍量柱(1次)",False,False,3,False,False,2,0,1,6.025584813869786,0.0,160.88099292298634,1.6421212621257117,0.0,200.0,0.9705882352941176,1,-0.33245213404111595,-0.24985592214064478,-0.16519242380094235,-0.15254316705264526,0.21839024390243905,-0.00541893742220298,-0.004943390191757094,-5.2310195349047376e-05,1,0,0,0,0,0,0,0,0,22.39,22.5,22.3001,0.022336385972754336,0.5137368773732387,-0.37927183381729623,74.6,126.06060606060603
