symbol,price,Volume,turnover,blue_daily,max_blue_daily,blue_days,latest_day_blue_value,blue_weekly,max_blue_weekly,blue_weeks,latest_week_blue_value,has_day_week_blue,day_heima_count,week_heima_count,day_juedi_count,week_juedi_count,has_day_heima,has_week_heima,has_day_juedi,has_week_juedi,latest_cci_daily,latest_cci_weekly,company_name
TTD,35.855,5774993.0,20706.2374015,0.0,52.69235778782264,0,0.0,0.0,199.99999999999997,2,199.99999999999997,False,0,1,1,1,False,True,True,True,-153.77555385490834,-112.48757819987341,"The Trade Desk, Inc."
BLNK,0.8147,2785038.0,226.89704586,107.3509900839937,116.31201941086107,4,107.3509900839937,0.0,0.0,0,0.0,False,1,1,0,1,True,True,False,True,-105.0619789736259,-146.0581184128808,Blink Charging Co. Common Stock
BSII,9.99,202373.0,202.170627,0.0,200.0,3,200.0,114.56413807700564,114.56413807700564,0,0.0,False,0,0,1,1,False,False,True,True,-127.34281754900313,-287.0056998424701,Black Spade Acquisition II Co Class A Ordinary Share
MSTX,4.545,28897539.0,13133.9314755,0.0,0.0,0,0.0,0.0,200.0,2,200.0,False,1,0,1,1,True,False,True,True,-160.00611313381,-85.68670645024476,Tidal Trust II Defiance Daily Target 2x Long MSTR ETF
BTAL,14.69,116462.0,171.08267800000002,0.0,80.59930253593214,0,0.0,0.0,150.83850271086686,2,150.83850271086686,False,0,1,1,1,False,True,True,True,30.61174377367387,-85.55091033910112,AGF U.S. Market Neutral Anti-Beta Fund
TWM,31.44,340179.0,1069.522776,0.0,130.14424739738553,4,130.14424739738553,0.0,136.48739102406256,1,136.48739102406256,False,0,0,1,1,False,False,True,True,-3.6302188037175207,-105.77460807549292,ProShares UltraShort Russell2000
YYAI,0.9383,1324289.0,124.25803687,138.87945847241008,138.87945847241008,1,138.87945847241008,138.58819732369483,154.74446633891182,3,138.58819732369483,False,0,0,0,0,False,False,False,False,-104.96128427909696,-48.80522828102574,Connexa Sports Technologies Inc. Common Stock
RC,2.185,5814469.0,1270.4614765000001,74.5262867937246,74.5262867937246,0,0.0,181.77826378889065,181.77826378889065,2,181.77826378889065,False,0,0,1,0,False,False,True,False,-204.25361560616915,-106.54786255835381,Ready Capital Corporation
BUJA,3.66,343338.0,125.661708,139.52191597643343,139.52191597643343,1,139.52191597643343,200.0,200.0,3,200.0,False,0,0,1,1,False,False,True,True,-211.3480605724959,-186.24080199623583,Bukit Jalil Global Acquisition 1 Ltd. Ordinary Shares
CETX,2.2209,707947.0,157.22794922999998,49.164909340239376,49.164909340239376,0,0.0,143.59907512126915,143.9367380834892,4,143.59907512126915,False,0,0,0,1,False,False,False,True,-99.38163267886958,-134.32937002797556,CEMTREX INC.
VEEV,217.38,736322.0,16006.167635999998,0.0,140.16618031883598,4,140.16618031883598,0.0,96.75801752390682,0,0.0,False,1,0,1,1,True,False,True,True,-144.18119488947207,-136.08350998141677,Veeva Systems Inc.
CAPR,26.255,546798.0,1435.6181490000001,0.0,0.0,0,0.0,0.0,145.3375355928991,2,145.3375355928991,False,0,0,0,0,False,False,False,False,37.27562638430912,157.14436435551104,Capricor Therapeutics Inc
NXRT,28.26,102810.0,290.54106,159.83349884241628,159.83349884241628,2,159.83349884241628,200.0,200.0,3,200.0,False,1,0,1,1,True,False,True,True,-126.62208492931542,-208.41401680837458,NexPoint Residential Trust Inc
HIW,25.62,405208.0,1038.142896,0.0,55.376064814860975,0,0.0,0.0,163.67115767580313,2,163.67115767580313,False,0,0,1,1,False,False,True,True,-81.11948089455491,-122.40927941938817,Highwoods Properties Inc.
CLSD,0.41,2768773.0,113.51969299999999,0.09638119012369553,0.0964668032502584,0,0.0,166.89927160030967,166.89927160030967,2,166.89927160030967,False,1,0,1,1,True,False,True,True,-128.6459524443579,-276.26440948801064,"Clearside Biomedical, Inc. Common Stock"
RNP,19.68,184832.0,363.749376,0.0,26.61266426208429,0,0.0,0.0,158.45967699733689,2,158.45967699733689,False,0,1,1,1,False,True,True,True,-60.13553986097704,-118.21927414233605,"Cohen & Steers REIT and Preferred and Income Fund, Inc."
VIVK,0.0603,19051016.0,114.87762648,173.08765254829845,200.0,3,173.08765254829845,77.23753055044861,77.23753055044861,0,0.0,False,1,0,0,0,True,False,False,False,-112.44667962464962,-99.62760140865684,"Vivakor, Inc. Common Stock"
CAOS,89.92,13814.0,124.21548800000001,0.0,106.84996346250897,3,101.35020708270777,0.0,0.0,0,0.0,False,0,0,0,0,False,False,False,False,101.2709991158567,1.1359274473088887,Alpha Architect Tail Risk ETF
HIBS,5.05,1200729.0,606.368145,0.0,79.30454828347493,0,0.0,0.0,194.29918226477832,2,194.29918226477832,False,0,1,0,1,False,True,False,True,-36.22414632905128,-124.24851222990918,Direxion Daily S&P 500 High Beta Bear 3X Shares
EIC,11.021,125013.0,137.7768273,0.0,45.04394875972552,0,0.0,0.0,172.0778574249553,2,172.0778574249553,False,1,1,1,1,True,True,True,True,-89.64636411889572,-106.06560097598616,Eagle Point Income Company Inc.
NTNX,47.5101,1999168.0,9498.06715968,0.0,0.0,0,0.0,0.0,200.0,3,200.0,False,0,1,0,1,False,True,False,True,-32.23836124074478,-116.89504894551966,"Nutanix, Inc. Class A Common Stock"
SITC,6.375,900153.0,573.8475375,0.0,68.84940390207197,0,0.0,0.0,167.767714307753,2,139.24096645021578,False,0,1,1,1,False,True,True,True,-233.5781037386929,-118.58808195089875,SITE Centers Corp. Common Shares
SPGC,3.0,1611649.9333,483.49497999,0.0,22.758001895627398,0,0.0,200.0,200.0,2,200.0,False,0,0,0,1,False,False,False,True,-65.55974027727156,-113.52461300842793,"Sacks Parente Golf, Inc. Common Stock"
LEGN,21.645,1298321.0,2810.2158044999996,82.40275630215986,82.40275630215986,0,0.0,151.17002125044104,151.17002125044104,3,151.17002125044104,False,0,0,1,1,False,False,True,True,-113.77698635959582,-162.4472992502797,Legend Biotech Corporation American Depositary Shares
HIMU,48.874,165406.0,808.4052844,0.0,167.13862837103943,3,160.22210065839784,0.0,0.0,0,0.0,False,0,0,0,0,False,False,False,False,-47.278073247724784,-101.2742800997669,iShares High Yield Muni Active ETF
AVS,9.77,1886906.0,1843.507162,0.0,100.66124633413234,1,100.66124633413234,0.0,200.0,4,200.0,False,0,0,0,0,False,False,False,False,187.2028331203327,12.738998342391529,Direxion Daily AVGO Bear 1X Shares
UVXY,42.555,8885533.0,37812.385681499996,0.0,74.56105788430115,0,0.0,0.0,157.26695954292134,3,157.26695954292134,False,0,1,0,1,False,True,False,True,-103.30504439402846,-166.649851693632,ProShares Ultra VIX Short-Term Futures ETF
HAFN,5.55,833072.0,462.35495999999995,116.0255771884071,116.0255771884071,4,116.0255771884071,0.0,0.0,0,0.0,False,1,0,1,1,True,False,True,True,-117.9524673472519,-147.4367847220133,Hafnia Limited
AMC,1.948,16038174.0,3124.2362952,55.278760103172225,55.278760103172225,0,0.0,159.26244652028763,159.26244652028763,2,159.26244652028763,False,0,1,1,1,False,True,True,True,-194.51488551390975,-124.9885275491786,"AMC ENTERTAINMENT HOLDINGS, INC."
GWRE,192.27,892559.0,17161.231893,200.0,200.0,3,200.0,94.28294016233761,94.28294016233761,0,0.0,False,1,0,1,1,True,False,True,True,-141.69802259491877,-137.50114917754522,"GUIDEWIRE SOFTWARE, INC."
IFN,13.6169,183675.0,250.10841075,0.0,85.79889457189584,0,0.0,0.0,194.57168270395974,3,194.57168270395974,False,0,0,1,1,False,False,True,True,-109.0538848184899,-151.49596552473764,"The India Fund, Inc."
ARQ,3.275,530625.0,173.7796875,114.06812606886466,114.06812606886466,1,114.06812606886466,200.00000000000003,200.00000000000003,2,200.00000000000003,False,0,1,1,0,False,True,True,False,-177.91831011754203,-82.56263915576297,"Arq, Inc. Common Stock"
USOY,6.465,196188.0,126.83554199999999,144.70057312741852,144.70057312741852,3,144.70057312741852,187.81594397441245,196.32741097114516,3,187.81594397441245,True,0,0,1,1,False,False,True,True,-195.25304040800407,-138.14626432646375,Defiance Oil Enhanced Options Income ETF
CVI,29.545,573044.0,1693.058498,130.9328818064063,148.8588026760856,3,130.9328818064063,0.0,0.0,0,0.0,False,0,0,1,1,False,False,True,True,-136.3631767858046,-191.5862808145767,"CVR ENERGY, INC."
HLXB,9.9,129296.0,128.00304000000003,0.0,178.03454523522666,2,178.03454523522666,200.0,200.0,2,200.0,False,0,0,1,1,False,False,True,True,-52.942467062143216,-244.03294821849798,Helix Acquisition Corp. II Class A Ordinary Shares
NEP,10.54,4909302.0,5174.404308,0.0,97.18803047483216,0,0.0,200.0,200.0,2,200.0,False,1,0,1,1,True,False,True,True,-126.36524061620632,-319.5347347829463,"NextEra Energy Partners, LP"
FE,43.975,1786333.0,7855.3993675,120.43139992283376,133.64337077818675,3,120.43139992283376,0.0,0.0,0,0.0,False,0,0,0,1,False,False,False,True,-85.6535520814321,-110.27774328407604,FirstEnergy Corp.
TPL,813.3,96629.0,7858.83657,135.29485512876795,135.29485512876795,3,135.29485512876795,143.0278935756398,143.0278935756398,2,143.0278935756398,True,0,0,1,1,False,False,True,True,-158.72764896287322,-175.0383899150956,Texas Pacific Land Corporation
CPRT,38.985,4001529.0,15599.9608065,0.0,0.0,0,0.0,0.0,144.33214692195088,3,144.33214692195088,False,0,1,0,1,False,True,False,True,32.92219020172957,-88.87331788210354,Yahoo Finance
APTO,1.71,670384.0,114.63566399999999,68.14401197233096,68.14401197233096,0,0.0,170.42442233134847,170.42442233134847,2,170.42442233134847,False,0,1,1,1,False,True,True,True,-375.559880727797,-143.91043837141564,"Aptose Biosciences, Inc."
LABD,21.785,1751587.0,3815.8322795000004,0.0,0.0,0,0.0,0.0,166.3840596263836,3,166.3840596263836,False,0,0,0,0,False,False,False,False,16.46216901050801,-91.92411894612876,Direxion Daily S&P Biotech Bear 3X Shares
VICI,28.4,5523463.0,15686.634919999999,0.0,73.65303769152275,0,0.0,0.0,160.10916351222292,3,160.10916351222292,False,0,1,1,1,False,True,True,True,39.97508046931743,-93.01154101054013,VICI Properties Inc.
SKGR,12.02,196254.0,235.897308,0.0,88.26304175387828,0,0.0,172.14711647576232,172.14711647576232,2,172.14711647576232,False,1,0,1,0,True,False,True,False,14.155507842221173,-67.23342905143704,SK Growth Opportunities Corporation Class A Common Stock
AISP,3.06,428416.0,131.095296,54.00131479081276,54.00131479081276,0,0.0,198.03340883691715,198.03340883691715,2,198.03340883691715,False,1,1,2,0,True,True,True,False,-147.60347388368206,-94.39574029001942,"Airship AI Holdings, Inc. Class A Common Stock"
LX,3.13,817077.0,255.74510099999998,0.0,67.26938304768935,0,0.0,0.0,146.71207544131474,3,146.71207544131474,False,0,1,1,1,False,True,True,True,-199.42166140904436,-103.2236187288542,LexinFintech Holdings Ltd. American Depositary Shares
ATUS,1.79,3837978.0,686.998062,0.0,87.75903748611084,0,0.0,0.0,200.00000000000003,2,200.00000000000003,False,0,1,1,1,False,True,True,True,-102.7204399395603,-158.78080631462106,"Altice USA, Inc. Class A Common Stock"
CNS,63.065,78856.0,497.30536399999994,0.0,82.53450972319963,0,0.0,0.0,173.97039992905886,2,147.78030266971996,False,0,1,0,0,False,True,False,False,71.96637392861841,-54.57593541337724,Cohen & Steers Inc.
HOG,21.19,951074.0,2015.3258060000003,116.51253297230679,116.51253297230679,2,116.51253297230679,147.38295464123732,147.38295464123732,2,147.38295464123732,False,1,0,1,1,True,False,True,True,-116.21745962248401,-137.99332945014086,"Harley-Davidson, Inc."
DOCS,43.95,1083015.0,4759.850925,141.80452883776837,151.521468942946,5,141.80452883776837,169.70686561775545,169.70686561775545,4,169.70686561775545,True,0,1,0,0,False,True,False,False,-81.78654934642887,-97.11807891676499,"Doximity, Inc."
AXDX,0.034,67483332.0,229.44332880000002,63.213371754220105,63.213371754220105,0,0.0,166.75254816444084,166.75254816444084,2,166.75254816444084,False,1,1,1,1,True,True,True,True,-118.54099955889401,-153.05112304512184,"Accelerate Diagnostics, Inc."
ZAPP,0.1548,13663074.0,211.50438552,62.611521674014924,62.611521674014924,0,0.0,0.0,200.0,3,200.0,False,0,0,1,1,False,False,True,True,-152.45554860939484,-193.64704729503248,Zapp Electric Vehicles Group Limited Ordinary Shares
IMG,1.215,834234.0,101.359431,131.33743766417294,138.14726150334994,4,131.33743766417294,200.0,200.0,4,200.0,True,0,0,1,1,False,False,True,True,-126.82076816302535,-152.77912004203344,CIMG Inc. Common Stock
CUTR,0.0969,29608605.0,286.90738245,123.57463982134735,144.05087089824647,3,123.57463982134735,59.11602672683511,59.11602672683511,0,0.0,False,1,0,0,1,True,False,False,True,-92.09829821562673,-183.77403769106357,"Cutera, Inc."
MSTU,10.015,8026365.0,8038.404547500001,0.0,0.0,0,0.0,0.0,200.0,2,200.0,False,1,0,1,1,True,False,True,True,-155.96269359645473,-85.53885758018508,T-Rex 2X Long MSTR Daily Target ETF
CDX,22.4199,157862.0,353.92502537999997,0.0,83.06476297443552,0,0.0,0.0,157.23669415217594,3,157.23669415217594,False,1,1,1,1,True,True,True,True,-43.33774056118898,-119.71109239183298,Simplify High Yield PLUS Credit Hedge ETF
MSTY,32.28,822742.0,2655.811176,0.0,0.0,0,0.0,0.0,200.0,2,200.0,False,1,0,1,1,True,False,True,True,-155.0340315512812,-89.71245919956066,YieldMax MSTR Option Income Strategy ETF
PHR,16.24,561183.0,911.361192,0.0,66.1065467453636,0,0.0,0.0,152.99099830710517,2,151.89847822884929,False,1,1,1,1,True,True,True,True,-74.94342963790517,-175.96473556023176,"Phreesia, Inc."
ESTC,74.57,489121.0,3647.375297,0.0,0.0,0,0.0,0.0,152.36073783276788,2,152.36073783276788,False,0,0,0,1,False,False,False,True,4.847744893761615,-90.69966603252362,Elastic N.V.
CISS,0.23555,6777102.0,159.63463761,0.0,65.75250508268012,0,0.0,0.0,185.5068600551908,2,166.32398970408894,False,1,0,1,1,True,False,True,True,-119.82501143544806,-224.76082412467562,C3is Inc. Common Stock
LAZR,0.3521,22401973.0,788.77346933,0.0,92.03020939505485,0,0.0,0.0,200.0,3,187.3067755754434,False,0,1,1,1,False,True,True,True,-272.5103351184019,-119.27056425873633,"Luminar Technologies, Inc. Class A Common Stock"
RWM,16.2899,19468562.0,31714.092812379997,0.0,148.2758919750518,3,148.2758919750518,0.0,131.60230099482197,1,131.60230099482197,False,0,0,1,1,False,False,True,True,-0.09303956585172286,-97.68280786998612,ProShares Short Russell2000
IVP,0.0496,167773892.0,832.1585043199999,0.0,187.3111084400277,4,187.3111084400277,0.0,74.76743556263939,0,0.0,False,0,0,0,1,False,False,False,True,-91.53285489093938,-103.24842278895115,"Inspire Veterinary Partners, Inc. Class A Common Stock"
RENB,1.42,896298.0,127.27431599999998,141.5028916546507,141.5028916546507,5,141.5028916546507,200.0,200.0,4,200.0,True,1,0,1,1,True,False,True,True,-118.3968598285302,-147.66808785263606,Renovaro Inc. Common Stock
FI,63.8,8431560.0,53793.3528,0.0,147.99195083914958,4,147.99195083914958,113.03985880269266,113.03985880269266,0,0.0,False,0,1,0,1,False,True,False,True,-56.106176788682966,-285.3206746037743,"Fiserv, Inc."
SHAK,81.42,763700.0,6218.0454,0.0,102.59849288966446,1,102.59849288966446,0.0,200.0,2,200.0,False,0,1,1,1,False,True,True,True,-9.605531689822367,-113.83438127654983,Shake Shack Inc.
SKIL,6.505,1359725.0,884.5011125,0.0,0.032910597660621016,0,0.0,0.0,137.77473528860045,4,137.77473528860045,False,0,2,1,1,False,True,True,True,-54.47898315140731,-120.29431483322762,Skillsoft Corp.
ZSL,7.39,5996104.0,4431.120856,0.0,61.760974127021804,0,0.0,0.0,135.37704754033183,2,135.37704754033183,False,0,1,0,1,False,True,False,True,-100.79917108238942,-139.78830754069833,ProShares UltraShort Silver
PLRZ,10.9953,92301.0,101.48771853,0.0,0.0,0,0.0,0.0,200.0,2,200.0,False,0,0,0,1,False,False,False,True,33.18271565306461,137.16335843105074,Polyrizon Ltd. Ordinary Shares
IGR,4.265,1001189.0,427.0071085,0.0,91.23337513301581,0,0.0,0.0,170.14100139743343,2,170.14100139743343,False,0,0,1,1,False,False,True,True,-77.61731286321437,-140.93432985194048,CBRE Global Real Estate Income Fund
LMB,82.54,168462.0,1390.4853480000002,0.0,0.0,0,0.0,0.0,200.0,2,200.0,False,0,1,0,1,False,True,False,True,166.80061956245828,-28.03663517422881,"Limbach Holdings, Inc Common Stock"
USOI,46.295,75348.0,348.823566,87.17501669968479,87.17501669968479,0,0.0,193.2525298272801,193.2525298272801,2,193.2525298272801,False,0,0,1,1,False,False,True,True,-211.55467305600445,-171.8269918525086,"UBS AG ETRACS Crude Oil Shares Covered Call ETNs due April 24, 2037"
SMCL,5.31,742831.0,394.443261,92.95212463142475,92.95212463142475,0,0.0,200.0,200.0,3,200.0,False,1,0,1,0,True,False,True,False,-186.2971043771045,-87.97269952812128,GraniteShares 2x Long SMCI Daily ETF
RFIX,39.5,745189.0,2943.49655,0.0,145.66669605433185,1,145.66669605433185,0.0,200.0,3,200.0,False,0,0,1,1,False,False,True,True,-72.41203145441182,-124.74223884513955,Simplify Bond Bull ETF
RANG,10.4,144302.0,150.07408,123.69879901613604,130.12773005534567,3,123.69879901613604,0.0,0.0,0,0.0,False,0,0,0,0,False,False,False,False,-126.91699459380041,-50.88856147309121,Range Capital Acquisition Corp. Ordinary Shares
VMAR,1.0301,174416783.0,17966.67281683,0.0,30.54133077513361,0,0.0,0.0,200.0,4,200.0,False,1,0,1,1,True,False,True,True,16.91894619491876,-94.45367481990891,Vision Marine Technologies Inc. Common Shares
OKTA,90.105,1319481.0,11889.183550500002,0.0,0.0,0,0.0,0.0,191.93854852899125,2,180.27407286378534,False,0,1,0,0,False,True,False,False,86.49372010198006,43.94994675707432,"Okta, Inc. Class A Common Stock"
ADD,1.5125,1846810.56,279.3300972,166.12790726644545,170.9541477885498,4,166.12790726644545,179.81790891400317,179.81790891400317,3,179.81790891400317,True,0,0,0,1,False,False,False,True,-79.09625367844224,-234.36742730221644,"Color Star Technology Co., Ltd. Class A Ordinary Shares"
SILA,23.36,185899.0,434.26006399999994,0.0,199.99999999999997,2,199.99999999999997,0.0,200.0,2,200.0,False,1,0,1,1,True,False,True,True,24.99878401120666,-64.56996484361912,"Sila Realty Trust, Inc."
PARAA,16.91,406723.0,687.768593,200.0,200.0,2,200.0,200.00000000000003,200.00000000000003,2,200.00000000000003,False,0,0,1,1,False,False,True,True,-136.20530205834206,-319.9523795157868,Paramount Global Class A Common Stock
AACT,9.49,956572.0,907.7868279999999,0.02842989691825678,0.02842989691825678,0,0.0,186.70259737184938,186.70259737184938,2,186.70259737184938,False,0,0,1,1,False,False,True,True,-234.23375471279599,-371.3088561172125,Ares Acquisition Corporation II
FRA,11.662,113621.0,132.5048102,0.0,91.99882960596526,0,0.0,0.0,168.9388666426001,2,168.9388666426001,False,1,0,1,1,True,False,True,True,-42.25334437667881,-98.61175480293124,"Blackrock Floating Rate Income Strategies Fund, Inc."
UBRL,22.9199,102799.0,235.61428000999996,103.27276783157689,103.27276783157689,1,103.27276783157689,200.0,200.0,2,200.0,False,0,1,1,1,False,True,True,True,-147.4370623909162,-149.19399320816055,GraniteShares 2x Long UBER Daily ETF
INHD,0.1107,10904461.0,120.71238327000002,10.987855018500296,10.987855018500296,0,0.0,163.8246597513119,177.78003150546752,4,163.8246597513119,False,0,0,0,0,False,False,False,False,-111.83063667785393,-110.2489224092497,Inno Holdings Inc. Common Stock
BEPC,39.255,558127.0,2190.9275385,0.0,135.50691559110723,3,135.50691559110723,0.0,0.0,0,0.0,False,0,0,1,0,False,False,True,False,-78.53849403309384,-17.516775723210326,Brookfield Renewable Corporation Class A Exchangeable Subordinate Voting Shares
WOK,0.064,81127661.0,519.2170304,74.1780677344483,74.1780677344483,0,0.0,158.82567499486532,158.82567499486532,2,158.82567499486532,False,0,0,0,0,False,False,False,False,-98.04900048516295,-60.81033778712995,WORK Medical Technology Group LTD Class A Ordinary Shares
AZI,1.7492,34762121.0,6080.590205320001,0.0,151.235134168938,4,151.235134168938,0.0,110.37217260249506,0,0.0,False,0,0,1,0,False,False,True,False,-88.9163681189568,-95.19617596529179,Autozi Internet Technology (Global) Ltd. Class A Ordinary Shares
ADS,56.8,463839.0,2634.60552,0.0,0.0,0,0.0,0.0,181.49267160630228,2,181.49267160630228,False,0,0,0,1,False,False,False,True,-90.25492669491761,-103.93425902021369,ALLIANCE DATA SYSTEMS CORP
ZS,231.23,1341614.0,31022.140521999998,181.6974258781564,181.6974258781564,3,181.6974258781564,0.0,0.0,0,0.0,False,1,1,1,1,True,True,True,True,-175.52043358328228,-141.4419768122925,"Zscaler, Inc. Common Stock"
WATT,4.68,551977.0,258.32523599999996,37.93378025891211,38.62474586391783,0,0.0,200.0,200.0,4,200.0,False,0,0,1,1,False,False,True,True,-142.73736010415277,-136.29503413287296,Energous Corporation
DAVA,7.04,323527.0,227.763008,0.0,0.0,0,0.0,0.0,190.20799563394795,2,190.20799563394795,False,0,1,0,1,False,True,False,True,162.03743453765983,-55.08972946886221,Endava plc American Depositary Shares (each representing one Class A Ordinary Share)
UPXI,2.0401,2786118.0,568.3959331799999,71.69696541530078,71.69696541530078,0,0.0,197.21672513934087,197.21672513934087,2,197.21672513934087,False,1,1,1,0,True,True,True,False,-159.64931439601966,-93.23915288130009,"Upexi, Inc. Common Stock"
TRNS,60.4606,111281.0,672.81160286,0.0,43.62952193590372,0,0.0,0.0,149.0680666682279,3,149.0680666682279,False,0,1,1,0,False,True,True,False,193.39798349755992,-33.35597013826513,Transcat Inc
ARBKL,5.3,5136914.0,2722.5644199999997,0.0,55.39303205964097,0,0.0,148.55796884259308,161.00957654276436,3,148.55796884259308,False,0,0,0,0,False,False,False,False,449.79382227973025,254.86962605453368,Argo Blockchain plc 8.75% Senior Notes due 2026
NLSP,7.62,4762465.0,3628.99833,0.0,120.94352252798343,4,120.94352252798343,48.72933735806747,48.72933735806747,0,0.0,False,1,0,1,1,True,False,True,True,-150.2149730162029,-233.22052602663615,NLS Pharmaceutics Ltd. Ordinary Shares
VEC,32.84,133607.0,438.7653880000001,0.0,0.0,0,0.0,0.0,194.4332467609764,2,194.4332467609764,False,0,0,0,1,False,False,False,True,37.684373728295576,-91.88735509607594,VECTRUS INC COM STK (IN)
KITT,0.8719,2412352.0,210.33297088,0.0,0.0,0,0.0,0.0,200.0,3,200.0,False,0,0,0,0,False,False,False,False,-56.30147404581646,-76.00942957106926,"Nauticus Robotics, Inc. Common stock"
JVSA,3.64,1334306.0,485.687384,164.62430302167485,171.21494084270054,3,164.62430302167485,181.35062342964062,181.35062342964062,1,181.35062342964062,False,0,0,1,1,False,False,True,True,-418.42707187740365,-466.6666666666656,JV SPAC Acquisition Corp. Class A Ordinary Share
MASI,133.51,439947.0,5873.732397,68.08661144323705,68.08661144323705,0,0.0,142.42690591820227,142.42690591820227,2,142.42690591820227,False,0,0,1,1,False,False,True,True,-197.86137720541038,-193.1655919329313,Masimo Corporation
PCQ,8.69,221754.0,192.70422599999998,0.0,119.15079078193247,3,119.15079078193247,0.0,0.0,0,0.0,False,0,0,1,0,False,False,True,False,-95.7951070336389,-104.91300139292072,Pimco California Municipal Income Fund
TRMD,20.11,388711.0,781.697821,159.52520163040379,169.98850800699557,3,159.52520163040379,0.0,0.0,0,0.0,False,1,0,1,1,True,False,True,True,-156.3530301823689,-111.10261987792545,TORM plc Class A Common Stock
SABR,1.505,2805900.0,422.28795,0.0,0.2513217917991961,0,0.0,0.0,142.83373131474826,3,142.83373131474826,False,1,1,1,1,True,True,True,True,-97.25361344816697,-117.24695073657529,Sabre Corporation
DM,4.96,1324451.0,656.927696,0.0,0.0,0,0.0,0.0,149.35149573110448,2,149.35149573110448,False,0,0,0,0,False,False,False,False,90.80121060394748,251.7836250349108,"Desktop Metal, Inc."
APD,241.58,1444510.0,34896.47258,0.0,109.43037298586032,1,109.43037298586032,0.0,157.27090984126315,2,157.27090984126315,False,1,0,1,1,True,False,True,True,-52.99759499401094,-103.00853591219133,"Air Products & Chemicals, Inc."
MHUA,7.61,159380.0,121.28818000000001,80.21995025896628,80.21995025896628,0,0.0,145.01568409810764,145.01568409810764,2,145.01568409810764,False,0,1,1,1,False,True,True,True,-124.52046399900125,-129.4284632746032,"Meihua International Medical Technologies Co., Ltd. Ordinary Shares"
WAY,32.93,811956.0,2673.771108,0.0,70.21108587138077,0,0.0,0.0,200.0,2,200.0,False,0,1,1,1,False,True,True,True,-46.059843499760774,-144.202906318223,Waystar Holding Corp. Common Stock
HPH,6.65,205877.0,136.908205,0.0,0.0,0,0.0,0.0,192.05231060102486,2,192.05231060102486,False,0,0,0,1,False,False,False,True,-20.855352638353825,-32.76273164968795,Highest Performances Holdings Inc. American Depository Shares
MDLZ,54.37,5614170.0,30524.24229,0.0,90.66166637874242,0,0.0,0.0,200.0,3,200.0,False,0,1,1,1,False,True,True,True,-54.0471410792794,-91.29715323110187,"Mondelez International, Inc."
SMCY,8.7855,795736.0,699.0938628,118.86708437006743,118.86708437006743,2,118.86708437006743,199.99999999999997,199.99999999999997,3,199.99999999999997,False,1,1,1,0,True,True,True,False,-189.20079271127688,-91.03217285408401,YieldMax SMCI Option Income Strategy ETF
XOMA,25.935,56116.0,145.536846,0.0,125.3327994697053,3,125.3327994697053,0.0,0.0,0,0.0,False,0,1,1,1,False,True,True,True,-124.03196877856884,-192.896932230733,XOMA Royalty Corporation Common Stock
AAP,43.2,1549669.0,6694.57008,120.3043599913653,124.57428789966947,3,120.3043599913653,0.0,0.0,0,0.0,False,0,0,1,1,False,False,True,True,-146.31925191653767,-148.01768848524108,ADVANCE AUTO PARTS INC
LDTC,0.1525,22762537.0,347.12868925,36.174172364341004,36.174172364341004,0,0.0,191.93776568395668,191.93776568395668,2,191.93776568395668,False,0,0,0,1,False,False,False,True,-123.40363165121337,-173.82803453059213,LeddarTech Holdings Inc. Common Shares
OILD,11.03,377391.0,416.262273,0.0,0.0,0,0.0,0.0,152.85076714343018,2,152.85076714343018,False,0,0,0,1,False,False,False,True,204.06721626215506,6.4590502992185055,MicroSectors Oil & Gas Exp. & Prod. -3x Inverse Leveraged ETN
ALTS,1.275,1483725.0,189.17493749999997,44.977674487044816,47.34696131886632,0,0.0,200.0,200.0,4,200.0,False,0,0,1,1,False,False,True,True,-130.66192851248823,-115.20816343070756,ALT5 Sigma Corporation Common Stock
SQFT,3.235,1352017.0,437.3774995,0.3924774405476358,0.3924774405476358,0,0.0,187.73910649004432,200.0,4,187.73910649004432,False,0,1,1,1,False,True,True,True,-314.2812129300118,-138.83037535263398,"Presidio Property Trust, Inc. Class A Common Stock"
VXX,29.555,8182608.0,24183.697944,0.0,58.57362322375175,0,0.0,0.0,189.77252046357884,3,189.77252046357884,False,0,0,0,1,False,False,False,True,-106.54717044848915,-172.07195720144142,iPath Series B S&P 500 VIX Short-Term Futures ETN
HSTM,24.085,55552.0,133.79699200000002,0.0,120.97632527011922,2,120.97632527011922,0.0,155.7236256267914,2,155.7236256267914,False,0,0,0,0,False,False,False,False,-53.07428108960779,-87.73449299433098,HealthStream Inc
PDYN,4.48,505744.0,226.57331200000002,64.92955159262405,64.92955159262405,0,0.0,166.89273055995562,166.89273055995562,3,166.89273055995562,False,0,1,1,0,False,True,True,False,-177.45912069906137,-109.22190243682297,Palladyne AI Corp. Common Stock
LRN,67.34,521792.0,3513.747328,0.0,0.0,0,0.0,0.0,200.0,2,200.0,False,0,1,0,0,False,True,False,False,201.81539160310427,-62.53074794510022,"Stride, Inc."
TNXP,18.67,189204.0,353.243868,0.0,0.0,0,0.0,0.0,179.32337166671272,2,179.32337166671272,False,0,0,0,0,False,False,False,False,32.93160486051292,-23.719562027958794,Tonix Pharmaceuticals Holding Corp.
TENB,24.44,653475.0,1597.0929,115.4548054885294,115.4548054885294,1,115.4548054885294,131.92042138584344,142.47894183105652,2,131.92042138584344,False,0,1,1,1,False,True,True,True,-282.30677964019185,-129.9420905012517,"Tenable Holdings, Inc."
VG,5.8521,9585400.0,5609.471934,59.2872214530148,71.01509995130723,0,0.0,200.0,200.0,5,200.0,False,0,0,1,0,False,False,True,False,-132.00968461936193,-98.5259849019623,"Venture Global, Inc."
MSTR,164.69,13378255.0,220326.481595,0.0,0.0,0,0.0,0.0,200.0,2,200.0,False,1,0,1,1,True,False,True,True,-144.717366837403,-92.27405110476056,MicroStrategy Inc
FAAS,0.0807,94211948.0,760.29042036,0.0,98.65443515306539,0,0.0,199.99999999999997,199.99999999999997,2,199.99999999999997,False,0,0,0,1,False,False,False,True,-146.17067013517757,-134.94612003089972,DigiAsia Corp. Ordinary Shares
HDRO,25.9185,71370.0,184.98033450000003,0.0,0.0,0,0.0,0.0,200.0,3,200.0,False,0,1,0,1,False,True,False,True,-30.712270424148958,-103.35310218329421,Defiance Next Gen H2 ETF
PBH,61.55,147649.0,908.779595,0.0,0.0,0,0.0,0.0,170.32532135242755,2,170.32532135242755,False,0,0,0,0,False,False,False,False,94.37784689078015,6.7271218468484495,Prestige Consumer Healthcare Inc.
STBX,2.11,902744.0,190.478984,0.0,0.0,0,0.0,0.0,133.14760630738874,3,133.14760630738874,False,0,0,0,0,False,False,False,False,-4.233135230945695,-55.37049868422131,Starbox Group Holdings Ltd. Class A Ordinary Shares
PAVS,0.0234,182059087.0,426.01826358000005,0.022158623647533546,0.022158623647533546,0,0.0,191.64094002616125,199.99999999999997,3,191.64094002616125,False,0,0,0,0,False,False,False,False,-46.94800301431803,-142.64512105215852,Paranovus Entertainment Technology Ltd. Class A Ordinary Shares
AEE,98.31,617101.0,6066.7199310000005,0.0,125.16114536145434,4,125.16114536145434,0.0,0.0,0,0.0,False,0,0,0,1,False,False,False,True,-58.85117237894434,-127.70984216850997,Ameren Corporation
ORIC,9.085,811751.0,737.4757835,177.37868002134203,177.37868002134203,6,177.37868002134203,0.0,0.0,0,0.0,False,0,0,1,1,False,False,True,True,-123.70695828303703,-161.68307817175202,"Oric Pharmaceuticals, Inc. Common Stock"
NEHC,0.457,2456238.0,112.2500766,0.0,200.0,3,182.1893651790425,0.0,0.0,0,0.0,False,1,0,0,0,True,False,False,False,54.36332767402388,-67.878165108039,New Era Helium Inc Common Stock
CRTO,20.65,262198.0,541.43887,0.0,0.0,0,0.0,0.0,157.27339459131966,3,157.27339459131966,False,0,0,0,0,False,False,False,False,36.907919666540266,-43.75227256894994,Criteo S.A.
MGEE,80.465,53065.0,426.98752250000007,0.0,0.0,0,0.0,0.0,200.0,3,200.0,False,0,0,0,1,False,False,False,True,53.83547852485197,-80.77454566567981,MGE Energy Inc
MASK,0.318699,5167847.0,164.6987671053,0.0,61.57233831338009,0,0.0,0.0,170.23790375224405,2,170.23790375224405,False,0,0,1,0,False,False,True,False,-118.19263863283207,-161.54674011609833,3 E Network Technology Group Ltd Class A Ordinary Shares
AMT,179.49,1063674.0,19091.884626000003,0.0,0.0,0,0.0,0.0,189.16096505789417,2,189.16096505789417,False,0,0,0,0,False,False,False,False,8.982508565359465,-58.80604718762297,American Tower Corporation
ME,0.6063,29751445.0,1803.8301103499998,0.0,106.74118619117229,2,106.74118619117229,131.58443589873286,134.09612030896434,3,131.58443589873286,False,0,1,1,1,False,True,True,True,-89.74410501406108,-141.42939510757162,23andMe Holding Co. Class A Common Stock
CHPT,7.39,590869.0,436.652191,0.0,0.0,0,0.0,0.0,145.25689110197516,2,145.25689110197516,False,0,1,0,1,False,True,False,True,-95.35310836860606,-111.770508308673,"ChargePoint Holdings, Inc."
YSXT,1.68,1221652.0,205.23753599999998,0.0,192.28512788843682,3,192.28512788843682,0.0,184.18655145327872,1,184.18655145327872,False,1,1,1,1,True,True,True,True,-80.68505916899646,-156.5427945149615,"YSX Tech. Co., Ltd Class A Ordinary Shares"
NIU,3.015,544453.0,164.1525795,136.94707418555046,136.94707418555046,2,136.94707418555046,185.52119989942474,185.52119989942474,2,185.52119989942474,False,0,0,1,1,False,False,True,True,-160.89764605599638,-127.4119027671061,Niu Technologies American Depositary Shares
TGL,5.415,399645.0,216.40776749999998,113.98480431838233,113.98480431838233,1,113.98480431838233,140.1401444272385,149.21000503869288,4,140.1401444272385,False,0,0,0,1,False,False,False,True,-94.63769693863594,-179.7984628285895,Treasure Global Inc. Common Stock
MOHO,0.0999,55110503.0,550.55392497,0.0,147.75837253544893,3,147.75837253544893,132.61826162716346,132.61826162716346,1,132.61826162716346,False,1,0,0,0,True,False,False,False,-37.25856697819319,-83.60263612911065,MOHO Stock
COST,856.724,2145237.0,183787.6023588,137.63400673278625,137.63400673278625,3,137.63400673278625,179.6182640440829,179.6182640440829,3,179.6182640440829,True,0,0,1,1,False,False,True,True,-160.599234028707,-190.9586563094659,Costco Wholesale Corporation
ULTY,38.63,447065.0,1727.0120950000003,88.87084783335665,88.87084783335665,0,0.0,188.34954751814308,195.42554016417066,3,188.34954751814308,False,1,1,1,0,True,True,True,False,-197.82669665207587,-92.29339473108807,YieldMax Ultra Option Income Strategy ETF
CUZ,25.06,340197.0,852.533682,0.0,110.99242670445943,1,110.99242670445943,0.0,200.0,2,200.0,False,1,0,1,0,True,False,True,False,-28.98508957917386,-72.75344929392688,Cousins Properties Inc.
